"Chave contextual";"Seção";"Celebração";"Item";"Referência";"Texto original";"Glosa-base";"Revisão editorial ampliada";"Refrão por celebração";"Estrofes com estrutura explícita";"Estado editorial";"Formas no arquivo";"Alertas de revisão";"Palavras original";"Palavras glosa vigente"
"A|ADVENTO|1º Domingo|primeira-leitura|Is 2,1-5";"ADVENTO";"1º Domingo";"primeira-leitura";"Is 2,1-5";"Sim";"Sim";"Não";"Não";"Não";"Glosa-base cadastrada; revisão editorial pendente";"Única/não indicada";"";"162";"58"
"A|ADVENTO|1º Domingo|salmo|Sl 122";"ADVENTO";"1º Domingo";"salmo";"Sl 122";"Sim";"Sim";"Não";"Sim";"Não";"Refrão contextual revisado; estrofes pendentes";"Única/não indicada";"estrofes não alinhadas semanticamente";"111";"20"
"A|ADVENTO|1º Domingo|segunda-leitura|Rm 13,11-14";"ADVENTO";"1º Domingo";"segunda-leitura";"Rm 13,11-14";"Sim";"Sim";"Não";"Não";"Não";"Glosa-base cadastrada; revisão editorial pendente";"Única/não indicada";"";"109";"42"
"A|ADVENTO|1º Domingo|evangelho|Mt 24,37-44";"ADVENTO";"1º Domingo";"evangelho";"Mt 24,37-44";"Sim";"Sim";"Não";"Não";"Não";"Glosa-base cadastrada; revisão editorial pendente";"Única/não indicada";"";"173";"63"
"A|ADVENTO|2º Domingo|primeira-leitura|Is 11,1-10";"ADVENTO";"2º Domingo";"primeira-leitura";"Is 11,1-10";"Sim";"Sim";"Não";"Não";"Não";"Glosa-base cadastrada; revisão editorial pendente";"Única/não indicada";"";"243";"57"
"A|ADVENTO|2º Domingo|salmo|Sl 72";"ADVENTO";"2º Domingo";"salmo";"Sl 72";"Sim";"Sim";"Não";"Sim";"Sim";"Estrutura contextual preliminar (validação Libras pendente)";"Única/não indicada";"estrutura contextual registrada (validação Libras pendente)";"135";"20"
"A|ADVENTO|2º Domingo|segunda-leitura|Rm 15,4-9";"ADVENTO";"2º Domingo";"segunda-leitura";"Rm 15,4-9";"Sim";"Sim";"Não";"Não";"Não";"Glosa-base cadastrada; revisão editorial pendente";"Única/não indicada";"";"158";"46"
"A|ADVENTO|2º Domingo|evangelho|Mt 3,1-12";"ADVENTO";"2º Domingo";"evangelho";"Mt 3,1-12";"Sim";"Sim";"Não";"Não";"Não";"Glosa-base cadastrada; revisão editorial pendente";"Única/não indicada";"";"269";"66"
"A|ADVENTO|3º Domingo|primeira-leitura|Is 35,1-6.10";"ADVENTO";"3º Domingo";"primeira-leitura";"Is 35,1-6.10";"Sim";"Sim";"Não";"Não";"Não";"Glosa-base cadastrada; revisão editorial pendente";"Única/não indicada";"";"159";"46"
"A|ADVENTO|3º Domingo|salmo|Sl 146";"ADVENTO";"3º Domingo";"salmo";"Sl 146";"Sim";"Sim";"Não";"Sim";"Não";"Refrão contextual revisado; estrofes pendentes";"Única/não indicada";"estrofes não alinhadas semanticamente";"85";"25"
"A|ADVENTO|3º Domingo|segunda-leitura|Tg 5,7-10";"ADVENTO";"3º Domingo";"segunda-leitura";"Tg 5,7-10";"Sim";"Sim";"Não";"Não";"Não";"Glosa-base cadastrada; revisão editorial pendente";"Única/não indicada";"";"103";"40"
"A|ADVENTO|3º Domingo|evangelho|Mt 11,2-11";"ADVENTO";"3º Domingo";"evangelho";"Mt 11,2-11";"Sim";"Sim";"Não";"Não";"Não";"Glosa-base cadastrada; revisão editorial pendente";"Única/não indicada";"marcador de extração";"206";"79"
"A|ADVENTO|4º Domingo|primeira-leitura|Is 7,10-14";"ADVENTO";"4º Domingo";"primeira-leitura";"Is 7,10-14";"Sim";"Sim";"Não";"Não";"Não";"Glosa-base cadastrada; revisão editorial pendente";"Única/não indicada";"";"101";"43"
"A|ADVENTO|4º Domingo|salmo|Sl 24";"ADVENTO";"4º Domingo";"salmo";"Sl 24";"Sim";"Sim";"Não";"Sim";"Não";"Refrão contextual revisado; estrofes pendentes";"Única/não indicada";"estrofes não alinhadas semanticamente";"116";"21"
"A|ADVENTO|4º Domingo|segunda-leitura|Rm 1,1-7";"ADVENTO";"4º Domingo";"segunda-leitura";"Rm 1,1-7";"Sim";"Sim";"Não";"Não";"Não";"Glosa-base cadastrada; revisão editorial pendente";"Única/não indicada";"";"156";"54"
"A|ADVENTO|4º Domingo|evangelho|Mt 1,18-24";"ADVENTO";"4º Domingo";"evangelho";"Mt 1,18-24";"Sim";"Sim";"Não";"Não";"Não";"Glosa-base cadastrada; revisão editorial pendente";"Única/não indicada";"";"179";"72"
"A|CICLO DO NATAL — CELEBRAÇÕES DE REPERTÓRIO|Natal — Vigília|primeira-leitura|Is 62,1-5";"CICLO DO NATAL — CELEBRAÇÕES DE REPERTÓRIO";"Natal — Vigília";"primeira-leitura";"Is 62,1-5";"Sim";"Sim";"Não";"Não";"Não";"Glosa-base cadastrada; revisão editorial pendente";"Única/não indicada";"";"150";"55"
"A|CICLO DO NATAL — CELEBRAÇÕES DE REPERTÓRIO|Natal — Vigília|salmo|Sl 89";"CICLO DO NATAL — CELEBRAÇÕES DE REPERTÓRIO";"Natal — Vigília";"salmo";"Sl 89";"Sim";"Sim";"Não";"Sim";"Não";"Refrão contextual revisado; estrofes pendentes";"Única/não indicada";"estrofes não alinhadas semanticamente";"98";"85"
"A|CICLO DO NATAL — CELEBRAÇÕES DE REPERTÓRIO|Natal — Vigília|segunda-leitura|At 13,16-17.22-25";"CICLO DO NATAL — CELEBRAÇÕES DE REPERTÓRIO";"Natal — Vigília";"segunda-leitura";"At 13,16-17.22-25";"Sim";"Sim";"Não";"Não";"Não";"Glosa-base cadastrada; revisão editorial pendente";"Única/não indicada";"";"178";"63"
"A|CICLO DO NATAL — CELEBRAÇÕES DE REPERTÓRIO|Natal — Vigília|evangelho|Mt 1,1-25";"CICLO DO NATAL — CELEBRAÇÕES DE REPERTÓRIO";"Natal — Vigília";"evangelho";"Mt 1,1-25";"Sim";"Sim";"Sim";"Não";"Não";"Roteiro editorial ampliado (validação Libras pendente)";"Somente longa";"";"372";"370"
"A|CICLO DO NATAL — CELEBRAÇÕES DE REPERTÓRIO|Natal — Noite|primeira-leitura|Is 9,1-6";"CICLO DO NATAL — CELEBRAÇÕES DE REPERTÓRIO";"Natal — Noite";"primeira-leitura";"Is 9,1-6";"Sim";"Sim";"Não";"Não";"Não";"Glosa-base cadastrada; revisão editorial pendente";"Única/não indicada";"";"188";"58"
"A|CICLO DO NATAL — CELEBRAÇÕES DE REPERTÓRIO|Natal — Noite|salmo|Sl 96";"CICLO DO NATAL — CELEBRAÇÕES DE REPERTÓRIO";"Natal — Noite";"salmo";"Sl 96";"Sim";"Sim";"Não";"Sim";"Não";"Refrão contextual revisado; estrofes pendentes";"Única/não indicada";"estrofes não alinhadas semanticamente";"106";"83"
"A|CICLO DO NATAL — CELEBRAÇÕES DE REPERTÓRIO|Natal — Noite|segunda-leitura|Tt 2,11-14";"CICLO DO NATAL — CELEBRAÇÕES DE REPERTÓRIO";"Natal — Noite";"segunda-leitura";"Tt 2,11-14";"Sim";"Sim";"Não";"Não";"Não";"Glosa-base cadastrada; revisão editorial pendente";"Única/não indicada";"";"101";"50"
"A|CICLO DO NATAL — CELEBRAÇÕES DE REPERTÓRIO|Natal — Noite|evangelho|Lc 2,1-14";"CICLO DO NATAL — CELEBRAÇÕES DE REPERTÓRIO";"Natal — Noite";"evangelho";"Lc 2,1-14";"Sim";"Sim";"Não";"Não";"Não";"Glosa-base cadastrada; revisão editorial pendente";"Única/não indicada";"";"232";"68"
"A|CICLO DO NATAL — CELEBRAÇÕES DE REPERTÓRIO|Natal — Aurora|primeira-leitura|Is 62,11-12";"CICLO DO NATAL — CELEBRAÇÕES DE REPERTÓRIO";"Natal — Aurora";"primeira-leitura";"Is 62,11-12";"Sim";"Sim";"Não";"Não";"Não";"Glosa-base cadastrada; revisão editorial pendente";"Única/não indicada";"";"67";"31"
"A|CICLO DO NATAL — CELEBRAÇÕES DE REPERTÓRIO|Natal — Aurora|salmo|Sl 97";"CICLO DO NATAL — CELEBRAÇÕES DE REPERTÓRIO";"Natal — Aurora";"salmo";"Sl 97";"Sim";"Sim";"Não";"Sim";"Não";"Refrão contextual revisado; estrofes pendentes";"Única/não indicada";"estrofes não alinhadas semanticamente";"68";"23"
"A|CICLO DO NATAL — CELEBRAÇÕES DE REPERTÓRIO|Natal — Aurora|segunda-leitura|Tt 3,4-7";"CICLO DO NATAL — CELEBRAÇÕES DE REPERTÓRIO";"Natal — Aurora";"segunda-leitura";"Tt 3,4-7";"Sim";"Sim";"Não";"Não";"Não";"Glosa-base cadastrada; revisão editorial pendente";"Única/não indicada";"";"88";"44"
"A|CICLO DO NATAL — CELEBRAÇÕES DE REPERTÓRIO|Natal — Aurora|evangelho|Lc 2,15-20";"CICLO DO NATAL — CELEBRAÇÕES DE REPERTÓRIO";"Natal — Aurora";"evangelho";"Lc 2,15-20";"Sim";"Sim";"Não";"Não";"Não";"Glosa-base cadastrada; revisão editorial pendente";"Única/não indicada";"";"130";"34"
"A|CICLO DO NATAL — CELEBRAÇÕES DE REPERTÓRIO|Natal — Dia|primeira-leitura|Is 52,7-10";"CICLO DO NATAL — CELEBRAÇÕES DE REPERTÓRIO";"Natal — Dia";"primeira-leitura";"Is 52,7-10";"Sim";"Sim";"Não";"Não";"Não";"Glosa-base cadastrada; revisão editorial pendente";"Única/não indicada";"";"127";"51"
"A|CICLO DO NATAL — CELEBRAÇÕES DE REPERTÓRIO|Natal — Dia|salmo|Sl 98";"CICLO DO NATAL — CELEBRAÇÕES DE REPERTÓRIO";"Natal — Dia";"salmo";"Sl 98";"Sim";"Sim";"Não";"Sim";"Não";"Refrão contextual revisado; estrofes pendentes";"Única/não indicada";"estrofes não alinhadas semanticamente";"117";"22"
"A|CICLO DO NATAL — CELEBRAÇÕES DE REPERTÓRIO|Natal — Dia|segunda-leitura|Hb 1,1-6";"CICLO DO NATAL — CELEBRAÇÕES DE REPERTÓRIO";"Natal — Dia";"segunda-leitura";"Hb 1,1-6";"Sim";"Sim";"Não";"Não";"Não";"Glosa-base cadastrada; revisão editorial pendente";"Única/não indicada";"";"162";"58"
"A|CICLO DO NATAL — CELEBRAÇÕES DE REPERTÓRIO|Natal — Dia|evangelho|Jo 1,1-18";"CICLO DO NATAL — CELEBRAÇÕES DE REPERTÓRIO";"Natal — Dia";"evangelho";"Jo 1,1-18";"Sim";"Sim";"Sim";"Não";"Não";"Roteiro editorial ampliado (validação Libras pendente)";"Somente longa";"";"307";"253"
"A|CICLO DO NATAL — CELEBRAÇÕES DE REPERTÓRIO|Sagrada Família|primeira-leitura|Eclo 3,2-6.12-14";"CICLO DO NATAL — CELEBRAÇÕES DE REPERTÓRIO";"Sagrada Família";"primeira-leitura";"Eclo 3,2-6.12-14";"Sim";"Sim";"Não";"Não";"Não";"Glosa-base cadastrada; revisão editorial pendente";"Única/não indicada";"";"142";"55"
"A|CICLO DO NATAL — CELEBRAÇÕES DE REPERTÓRIO|Sagrada Família|salmo|Sl 128";"CICLO DO NATAL — CELEBRAÇÕES DE REPERTÓRIO";"Sagrada Família";"salmo";"Sl 128";"Sim";"Sim";"Não";"Sim";"Não";"Refrão contextual revisado; estrofes pendentes";"Única/não indicada";"estrofes não alinhadas semanticamente";"109";"79"
"A|CICLO DO NATAL — CELEBRAÇÕES DE REPERTÓRIO|Sagrada Família|segunda-leitura|Cl 3,12-21";"CICLO DO NATAL — CELEBRAÇÕES DE REPERTÓRIO";"Sagrada Família";"segunda-leitura";"Cl 3,12-21";"Sim";"Sim";"Não";"Não";"Não";"Glosa-base cadastrada; revisão editorial pendente";"Única/não indicada";"";"211";"63"
"A|CICLO DO NATAL — CELEBRAÇÕES DE REPERTÓRIO|Sagrada Família|evangelho|Mt 2,13-15.19-23";"CICLO DO NATAL — CELEBRAÇÕES DE REPERTÓRIO";"Sagrada Família";"evangelho";"Mt 2,13-15.19-23";"Sim";"Sim";"Não";"Não";"Não";"Glosa-base cadastrada; revisão editorial pendente";"Única/não indicada";"";"216";"68"
"A|CICLO DO NATAL — CELEBRAÇÕES DE REPERTÓRIO|Santa Maria, Mãe de Deus|primeira-leitura|Nm 6,22-27";"CICLO DO NATAL — CELEBRAÇÕES DE REPERTÓRIO";"Santa Maria, Mãe de Deus";"primeira-leitura";"Nm 6,22-27";"Sim";"Sim";"Não";"Não";"Não";"Glosa-base cadastrada; revisão editorial pendente";"Única/não indicada";"";"94";"40"
"A|CICLO DO NATAL — CELEBRAÇÕES DE REPERTÓRIO|Santa Maria, Mãe de Deus|salmo|Sl 67";"CICLO DO NATAL — CELEBRAÇÕES DE REPERTÓRIO";"Santa Maria, Mãe de Deus";"salmo";"Sl 67";"Sim";"Sim";"Não";"Sim";"Não";"Refrão contextual revisado; estrofes pendentes";"Única/não indicada";"estrofes não alinhadas semanticamente";"99";"24"
"A|CICLO DO NATAL — CELEBRAÇÕES DE REPERTÓRIO|Santa Maria, Mãe de Deus|segunda-leitura|Gl 4,4-7";"CICLO DO NATAL — CELEBRAÇÕES DE REPERTÓRIO";"Santa Maria, Mãe de Deus";"segunda-leitura";"Gl 4,4-7";"Sim";"Sim";"Não";"Não";"Não";"Glosa-base cadastrada; revisão editorial pendente";"Única/não indicada";"";"96";"56"
"A|CICLO DO NATAL — CELEBRAÇÕES DE REPERTÓRIO|Santa Maria, Mãe de Deus|evangelho|Lc 2,16-21";"CICLO DO NATAL — CELEBRAÇÕES DE REPERTÓRIO";"Santa Maria, Mãe de Deus";"evangelho";"Lc 2,16-21";"Sim";"Sim";"Não";"Não";"Não";"Glosa-base cadastrada; revisão editorial pendente";"Única/não indicada";"";"133";"39"
"A|CICLO DO NATAL — CELEBRAÇÕES DE REPERTÓRIO|Epifania do Senhor|primeira-leitura|Is 60,1-6";"CICLO DO NATAL — CELEBRAÇÕES DE REPERTÓRIO";"Epifania do Senhor";"primeira-leitura";"Is 60,1-6";"Sim";"Sim";"Não";"Não";"Não";"Glosa-base cadastrada; revisão editorial pendente";"Única/não indicada";"";"156";"54"
"A|CICLO DO NATAL — CELEBRAÇÕES DE REPERTÓRIO|Epifania do Senhor|salmo|Sl 72";"CICLO DO NATAL — CELEBRAÇÕES DE REPERTÓRIO";"Epifania do Senhor";"salmo";"Sl 72";"Sim";"Sim";"Não";"Sim";"Sim";"Estrutura contextual preliminar (validação Libras pendente)";"Única/não indicada";"estrutura contextual registrada (validação Libras pendente)";"135";"20"
"A|CICLO DO NATAL — CELEBRAÇÕES DE REPERTÓRIO|Epifania do Senhor|segunda-leitura|Ef 3,2-3.5-6";"CICLO DO NATAL — CELEBRAÇÕES DE REPERTÓRIO";"Epifania do Senhor";"segunda-leitura";"Ef 3,2-3.5-6";"Sim";"Sim";"Não";"Não";"Não";"Glosa-base cadastrada; revisão editorial pendente";"Única/não indicada";"";"100";"45"
"A|CICLO DO NATAL — CELEBRAÇÕES DE REPERTÓRIO|Epifania do Senhor|evangelho|Mt 2,1-12";"CICLO DO NATAL — CELEBRAÇÕES DE REPERTÓRIO";"Epifania do Senhor";"evangelho";"Mt 2,1-12";"Sim";"Sim";"Não";"Não";"Não";"Glosa-base cadastrada; revisão editorial pendente";"Única/não indicada";"marcador de extração";"270";"69"
"A|CICLO DO NATAL — CELEBRAÇÕES DE REPERTÓRIO|Batismo do Senhor|primeira-leitura|Is 42,1-4.6-7";"CICLO DO NATAL — CELEBRAÇÕES DE REPERTÓRIO";"Batismo do Senhor";"primeira-leitura";"Is 42,1-4.6-7";"Sim";"Sim";"Não";"Não";"Não";"Glosa-base cadastrada; revisão editorial pendente";"Única/não indicada";"";"145";"64"
"A|CICLO DO NATAL — CELEBRAÇÕES DE REPERTÓRIO|Batismo do Senhor|salmo|Sl 29";"CICLO DO NATAL — CELEBRAÇÕES DE REPERTÓRIO";"Batismo do Senhor";"salmo";"Sl 29";"Sim";"Sim";"Não";"Sim";"Não";"Refrão contextual revisado; estrofes pendentes";"Única/não indicada";"estrofes não alinhadas semanticamente";"101";"24"
"A|CICLO DO NATAL — CELEBRAÇÕES DE REPERTÓRIO|Batismo do Senhor|segunda-leitura|At 10,34-38";"CICLO DO NATAL — CELEBRAÇÕES DE REPERTÓRIO";"Batismo do Senhor";"segunda-leitura";"At 10,34-38";"Sim";"Sim";"Não";"Não";"Não";"Glosa-base cadastrada; revisão editorial pendente";"Única/não indicada";"";"123";"65"
"A|CICLO DO NATAL — CELEBRAÇÕES DE REPERTÓRIO|Batismo do Senhor|evangelho|Mt 3,13-17";"CICLO DO NATAL — CELEBRAÇÕES DE REPERTÓRIO";"Batismo do Senhor";"evangelho";"Mt 3,13-17";"Sim";"Sim";"Não";"Não";"Não";"Glosa-base cadastrada; revisão editorial pendente";"Única/não indicada";"";"135";"53"
"A|TEMPO COMUM — ANO A|2º Domingo|primeira-leitura|Is 49,3.5-6";"TEMPO COMUM — ANO A";"2º Domingo";"primeira-leitura";"Is 49,3.5-6";"Sim";"Sim";"Não";"Não";"Não";"Glosa-base cadastrada; revisão editorial pendente";"Única/não indicada";"";"125";"46"
"A|TEMPO COMUM — ANO A|2º Domingo|salmo|Sl 40";"TEMPO COMUM — ANO A";"2º Domingo";"salmo";"Sl 40";"Sim";"Sim";"Não";"Sim";"Não";"Refrão contextual revisado; estrofes pendentes";"Única/não indicada";"estrofes não alinhadas semanticamente";"120";"28"
"A|TEMPO COMUM — ANO A|2º Domingo|segunda-leitura|1Cor 1,1-3";"TEMPO COMUM — ANO A";"2º Domingo";"segunda-leitura";"1Cor 1,1-3";"Sim";"Sim";"Não";"Não";"Não";"Glosa-base cadastrada; revisão editorial pendente";"Única/não indicada";"";"103";"23"
"A|TEMPO COMUM — ANO A|2º Domingo|evangelho|Jo 1,29-34";"TEMPO COMUM — ANO A";"2º Domingo";"evangelho";"Jo 1,29-34";"Sim";"Sim";"Não";"Não";"Não";"Glosa-base cadastrada; revisão editorial pendente";"Única/não indicada";"";"157";"42"
"A|TEMPO COMUM — ANO A|3º Domingo|primeira-leitura|Is 8,23–9,3";"TEMPO COMUM — ANO A";"3º Domingo";"primeira-leitura";"Is 8,23–9,3";"Sim";"Sim";"Não";"Não";"Não";"Glosa-base cadastrada; revisão editorial pendente";"Única/não indicada";"";"137";"48"
"A|TEMPO COMUM — ANO A|3º Domingo|salmo|Sl 27";"TEMPO COMUM — ANO A";"3º Domingo";"salmo";"Sl 27";"Sim";"Sim";"Não";"Sim";"Não";"Refrão contextual revisado; estrofes pendentes";"Única/não indicada";"estrofes não alinhadas semanticamente";"100";"23"
"A|TEMPO COMUM — ANO A|3º Domingo|segunda-leitura|1Cor 1,10-13.17";"TEMPO COMUM — ANO A";"3º Domingo";"segunda-leitura";"1Cor 1,10-13.17";"Sim";"Sim";"Não";"Não";"Não";"Glosa-base cadastrada; revisão editorial pendente";"Única/não indicada";"";"138";"43"
"A|TEMPO COMUM — ANO A|3º Domingo|evangelho|Mt 4,12-23";"TEMPO COMUM — ANO A";"3º Domingo";"evangelho";"Mt 4,12-23";"Sim";"Sim";"Sim";"Não";"Não";"Roteiro editorial ampliado (validação Libras pendente)";"Somente longa";"";"237";"177"
"A|TEMPO COMUM — ANO A|4º Domingo|primeira-leitura|Sf 2,3; 3,12-13";"TEMPO COMUM — ANO A";"4º Domingo";"primeira-leitura";"Sf 2,3; 3,12-13";"Sim";"Sim";"Não";"Não";"Não";"Glosa-base cadastrada; revisão editorial pendente";"Única/não indicada";"";"109";"54"
"A|TEMPO COMUM — ANO A|4º Domingo|salmo|Sl 146";"TEMPO COMUM — ANO A";"4º Domingo";"salmo";"Sl 146";"Sim";"Sim";"Não";"Sim";"Não";"Refrão contextual revisado; estrofes pendentes";"Única/não indicada";"estrofes não alinhadas semanticamente";"93";"25"
"A|TEMPO COMUM — ANO A|4º Domingo|segunda-leitura|1Cor 1,26-31";"TEMPO COMUM — ANO A";"4º Domingo";"segunda-leitura";"1Cor 1,26-31";"Sim";"Sim";"Não";"Não";"Não";"Glosa-base cadastrada; revisão editorial pendente";"Única/não indicada";"";"142";"50"
"A|TEMPO COMUM — ANO A|4º Domingo|evangelho|Mt 5,1-12";"TEMPO COMUM — ANO A";"4º Domingo";"evangelho";"Mt 5,1-12";"Sim";"Sim";"Não";"Não";"Não";"Glosa-base cadastrada; revisão editorial pendente";"Única/não indicada";"";"153";"68"
"A|TEMPO COMUM — ANO A|5º Domingo|primeira-leitura|Is 58,7-10";"TEMPO COMUM — ANO A";"5º Domingo";"primeira-leitura";"Is 58,7-10";"Sim";"Sim";"Não";"Não";"Não";"Glosa-base cadastrada; revisão editorial pendente";"Única/não indicada";"";"137";"62"
"A|TEMPO COMUM — ANO A|5º Domingo|salmo|Sl 112";"TEMPO COMUM — ANO A";"5º Domingo";"salmo";"Sl 112";"Sim";"Sim";"Não";"Sim";"Não";"Refrão contextual revisado; estrofes pendentes";"Única/não indicada";"estrofes não alinhadas semanticamente";"101";"19"
"A|TEMPO COMUM — ANO A|5º Domingo|segunda-leitura|1Cor 2,1-5";"TEMPO COMUM — ANO A";"5º Domingo";"segunda-leitura";"1Cor 2,1-5";"Sim";"Sim";"Não";"Não";"Não";"Glosa-base cadastrada; revisão editorial pendente";"Única/não indicada";"";"114";"43"
"A|TEMPO COMUM — ANO A|5º Domingo|evangelho|Mt 5,13-16";"TEMPO COMUM — ANO A";"5º Domingo";"evangelho";"Mt 5,13-16";"Sim";"Sim";"Não";"Não";"Não";"Glosa-base cadastrada; revisão editorial pendente";"Única/não indicada";"";"123";"47"
"A|TEMPO COMUM — ANO A|6º Domingo|primeira-leitura|Eclo 15,15-20";"TEMPO COMUM — ANO A";"6º Domingo";"primeira-leitura";"Eclo 15,15-20";"Sim";"Sim";"Não";"Não";"Não";"Glosa-base cadastrada; revisão editorial pendente";"Única/não indicada";"";"114";"52"
"A|TEMPO COMUM — ANO A|6º Domingo|salmo|Sl 119";"TEMPO COMUM — ANO A";"6º Domingo";"salmo";"Sl 119";"Sim";"Sim";"Não";"Sim";"Não";"Refrão contextual revisado; estrofes pendentes";"Única/não indicada";"estrofes não alinhadas semanticamente";"113";"25"
"A|TEMPO COMUM — ANO A|6º Domingo|segunda-leitura|1Cor 2,6-10";"TEMPO COMUM — ANO A";"6º Domingo";"segunda-leitura";"1Cor 2,6-10";"Sim";"Sim";"Não";"Não";"Não";"Glosa-base cadastrada; revisão editorial pendente";"Única/não indicada";"";"151";"45"
"A|TEMPO COMUM — ANO A|6º Domingo|evangelho|Mt 5,17-37";"TEMPO COMUM — ANO A";"6º Domingo";"evangelho";"Mt 5,17-37";"Sim";"Sim";"Sim";"Não";"Não";"Roteiro editorial ampliado (validação Libras pendente)";"Somente longa";"";"509";"242"
"A|TEMPO COMUM — ANO A|7º Domingo|primeira-leitura|Lv 19,1-2.17-18";"TEMPO COMUM — ANO A";"7º Domingo";"primeira-leitura";"Lv 19,1-2.17-18";"Sim";"Sim";"Não";"Não";"Não";"Glosa-base cadastrada; revisão editorial pendente";"Única/não indicada";"";"95";"47"
"A|TEMPO COMUM — ANO A|7º Domingo|salmo|Sl 103";"TEMPO COMUM — ANO A";"7º Domingo";"salmo";"Sl 103";"Sim";"Sim";"Não";"Sim";"Não";"Refrão contextual revisado; estrofes pendentes";"Única/não indicada";"estrofes não alinhadas semanticamente";"133";"31"
"A|TEMPO COMUM — ANO A|7º Domingo|segunda-leitura|1Cor 3,16-23";"TEMPO COMUM — ANO A";"7º Domingo";"segunda-leitura";"1Cor 3,16-23";"Sim";"Sim";"Não";"Não";"Não";"Glosa-base cadastrada; revisão editorial pendente";"Única/não indicada";"";"161";"44"
"A|TEMPO COMUM — ANO A|7º Domingo|evangelho|Mt 5,38-48";"TEMPO COMUM — ANO A";"7º Domingo";"evangelho";"Mt 5,38-48";"Sim";"Sim";"Não";"Não";"Não";"Glosa-base cadastrada; revisão editorial pendente";"Única/não indicada";"";"200";"70"
"A|TEMPO COMUM — ANO A|8º Domingo|primeira-leitura|Is 49,14-15";"TEMPO COMUM — ANO A";"8º Domingo";"primeira-leitura";"Is 49,14-15";"Sim";"Sim";"Não";"Não";"Não";"Glosa-base cadastrada; revisão editorial pendente";"Única/não indicada";"";"56";"32"
"A|TEMPO COMUM — ANO A|8º Domingo|salmo|Sl 62";"TEMPO COMUM — ANO A";"8º Domingo";"salmo";"Sl 62";"Sim";"Sim";"Não";"Sim";"Não";"Refrão contextual revisado; estrofes pendentes";"Única/não indicada";"estrofes não alinhadas semanticamente";"99";"24"
"A|TEMPO COMUM — ANO A|8º Domingo|segunda-leitura|1Cor 4,1-5";"TEMPO COMUM — ANO A";"8º Domingo";"segunda-leitura";"1Cor 4,1-5";"Sim";"Sim";"Não";"Não";"Não";"Glosa-base cadastrada; revisão editorial pendente";"Única/não indicada";"";"135";"45"
"A|TEMPO COMUM — ANO A|8º Domingo|evangelho|Mt 6,24-34";"TEMPO COMUM — ANO A";"8º Domingo";"evangelho";"Mt 6,24-34";"Sim";"Sim";"Não";"Não";"Não";"Glosa-base cadastrada; revisão editorial pendente";"Única/não indicada";"";"297";"66"
"A|TEMPO COMUM — ANO A|9º Domingo|primeira-leitura|Dt 11,18.26-28";"TEMPO COMUM — ANO A";"9º Domingo";"primeira-leitura";"Dt 11,18.26-28";"Sim";"Sim";"Não";"Não";"Não";"Glosa-base cadastrada; revisão editorial pendente";"Única/não indicada";"";"120";"37"
"A|TEMPO COMUM — ANO A|9º Domingo|salmo|Sl 31";"TEMPO COMUM — ANO A";"9º Domingo";"salmo";"Sl 31";"Sim";"Sim";"Não";"Sim";"Não";"Refrão contextual revisado; estrofes pendentes";"Única/não indicada";"estrofes não alinhadas semanticamente";"87";"20"
"A|TEMPO COMUM — ANO A|9º Domingo|segunda-leitura|Rm 3,21-25.28";"TEMPO COMUM — ANO A";"9º Domingo";"segunda-leitura";"Rm 3,21-25.28";"Sim";"Sim";"Não";"Não";"Não";"Glosa-base cadastrada; revisão editorial pendente";"Única/não indicada";"";"136";"60"
"A|TEMPO COMUM — ANO A|9º Domingo|evangelho|Mt 7,21-27";"TEMPO COMUM — ANO A";"9º Domingo";"evangelho";"Mt 7,21-27";"Sim";"Sim";"Não";"Não";"Não";"Glosa-base cadastrada; revisão editorial pendente";"Única/não indicada";"";"207";"67"
"A|TEMPO COMUM — ANO A|10º Domingo|primeira-leitura|Os 6,3-6";"TEMPO COMUM — ANO A";"10º Domingo";"primeira-leitura";"Os 6,3-6";"Sim";"Sim";"Não";"Não";"Não";"Glosa-base cadastrada; revisão editorial pendente";"Única/não indicada";"marcador de extração";"125";"55"
"A|TEMPO COMUM — ANO A|10º Domingo|salmo|Sl 50";"TEMPO COMUM — ANO A";"10º Domingo";"salmo";"Sl 50";"Sim";"Sim";"Não";"Sim";"Não";"Refrão contextual revisado; estrofes pendentes";"Única/não indicada";"estrofes não alinhadas semanticamente";"115";"23"
"A|TEMPO COMUM — ANO A|10º Domingo|segunda-leitura|Rm 4,18-25";"TEMPO COMUM — ANO A";"10º Domingo";"segunda-leitura";"Rm 4,18-25";"Sim";"Sim";"Não";"Não";"Não";"Glosa-base cadastrada; revisão editorial pendente";"Única/não indicada";"";"167";"55"
"A|TEMPO COMUM — ANO A|10º Domingo|evangelho|Mt 9,9-13";"TEMPO COMUM — ANO A";"10º Domingo";"evangelho";"Mt 9,9-13";"Sim";"Sim";"Não";"Não";"Não";"Glosa-base cadastrada; revisão editorial pendente";"Única/não indicada";"";"136";"61"
"A|TEMPO COMUM — ANO A|11º Domingo|primeira-leitura|Ex 19,2-6";"TEMPO COMUM — ANO A";"11º Domingo";"primeira-leitura";"Ex 19,2-6";"Sim";"Sim";"Não";"Não";"Não";"Glosa-base cadastrada; revisão editorial pendente";"Única/não indicada";"";"125";"53"
"A|TEMPO COMUM — ANO A|11º Domingo|salmo|Sl 100";"TEMPO COMUM — ANO A";"11º Domingo";"salmo";"Sl 100";"Sim";"Sim";"Não";"Sim";"Não";"Refrão contextual revisado; estrofes pendentes";"Única/não indicada";"estrofes não alinhadas semanticamente";"76";"28"
"A|TEMPO COMUM — ANO A|11º Domingo|segunda-leitura|Rm 5,6-11";"TEMPO COMUM — ANO A";"11º Domingo";"segunda-leitura";"Rm 5,6-11";"Sim";"Sim";"Não";"Não";"Não";"Glosa-base cadastrada; revisão editorial pendente";"Única/não indicada";"";"143";"55"
"A|TEMPO COMUM — ANO A|11º Domingo|evangelho|Mt 9,36–10,8";"TEMPO COMUM — ANO A";"11º Domingo";"evangelho";"Mt 9,36–10,8";"Sim";"Sim";"Não";"Não";"Não";"Glosa-base cadastrada; revisão editorial pendente";"Única/não indicada";"";"201";"62"
"A|TEMPO COMUM — ANO A|12º Domingo|primeira-leitura|Jr 20,10-13";"TEMPO COMUM — ANO A";"12º Domingo";"primeira-leitura";"Jr 20,10-13";"Sim";"Sim";"Não";"Não";"Não";"Glosa-base cadastrada; revisão editorial pendente";"Única/não indicada";"";"139";"48"
"A|TEMPO COMUM — ANO A|12º Domingo|salmo|Sl 69";"TEMPO COMUM — ANO A";"12º Domingo";"salmo";"Sl 69";"Sim";"Sim";"Não";"Sim";"Não";"Refrão contextual revisado; estrofes pendentes";"Única/não indicada";"estrofes não alinhadas semanticamente";"130";"23"
"A|TEMPO COMUM — ANO A|12º Domingo|segunda-leitura|Rm 5,12-15";"TEMPO COMUM — ANO A";"12º Domingo";"segunda-leitura";"Rm 5,12-15";"Sim";"Sim";"Não";"Não";"Não";"Glosa-base cadastrada; revisão editorial pendente";"Única/não indicada";"";"148";"55"
"A|TEMPO COMUM — ANO A|12º Domingo|evangelho|Mt 10,26-33";"TEMPO COMUM — ANO A";"12º Domingo";"evangelho";"Mt 10,26-33";"Sim";"Sim";"Não";"Não";"Não";"Glosa-base cadastrada; revisão editorial pendente";"Única/não indicada";"";"186";"56"
"A|TEMPO COMUM — ANO A|13º Domingo|primeira-leitura|2Rs 4,8-11.14-16";"TEMPO COMUM — ANO A";"13º Domingo";"primeira-leitura";"2Rs 4,8-11.14-16";"Sim";"Sim";"Não";"Não";"Não";"Glosa-base cadastrada; revisão editorial pendente";"Única/não indicada";"";"184";"43"
"A|TEMPO COMUM — ANO A|13º Domingo|salmo|Sl 89";"TEMPO COMUM — ANO A";"13º Domingo";"salmo";"Sl 89";"Sim";"Sim";"Não";"Sim";"Não";"Refrão contextual revisado; estrofes pendentes";"Única/não indicada";"estrofes não alinhadas semanticamente";"108";"85"
"A|TEMPO COMUM — ANO A|13º Domingo|segunda-leitura|Rm 6,3-4.8-11";"TEMPO COMUM — ANO A";"13º Domingo";"segunda-leitura";"Rm 6,3-4.8-11";"Sim";"Sim";"Não";"Não";"Não";"Glosa-base cadastrada; revisão editorial pendente";"Única/não indicada";"";"136";"56"
"A|TEMPO COMUM — ANO A|13º Domingo|evangelho|Mt 10,37-42";"TEMPO COMUM — ANO A";"13º Domingo";"evangelho";"Mt 10,37-42";"Sim";"Sim";"Não";"Não";"Não";"Glosa-base cadastrada; revisão editorial pendente";"Única/não indicada";"";"183";"61"
"A|TEMPO COMUM — ANO A|14º Domingo|primeira-leitura|Zc 9,9-10";"TEMPO COMUM — ANO A";"14º Domingo";"primeira-leitura";"Zc 9,9-10";"Sim";"Sim";"Não";"Não";"Não";"Glosa-base cadastrada; revisão editorial pendente";"Única/não indicada";"";"106";"47"
"A|TEMPO COMUM — ANO A|14º Domingo|salmo|Sl 145";"TEMPO COMUM — ANO A";"14º Domingo";"salmo";"Sl 145";"Sim";"Sim";"Não";"Sim";"Não";"Refrão contextual revisado; estrofes pendentes";"Única/não indicada";"estrofes não alinhadas semanticamente";"128";"26"
"A|TEMPO COMUM — ANO A|14º Domingo|segunda-leitura|Rm 8,9.11-13";"TEMPO COMUM — ANO A";"14º Domingo";"segunda-leitura";"Rm 8,9.11-13";"Sim";"Sim";"Não";"Não";"Não";"Glosa-base cadastrada; revisão editorial pendente";"Única/não indicada";"";"127";"55"
"A|TEMPO COMUM — ANO A|14º Domingo|evangelho|Mt 11,25-30";"TEMPO COMUM — ANO A";"14º Domingo";"evangelho";"Mt 11,25-30";"Sim";"Sim";"Não";"Não";"Não";"Glosa-base cadastrada; revisão editorial pendente";"Única/não indicada";"";"150";"56"
"A|TEMPO COMUM — ANO A|15º Domingo|primeira-leitura|Is 55,10-11";"TEMPO COMUM — ANO A";"15º Domingo";"primeira-leitura";"Is 55,10-11";"Sim";"Sim";"Não";"Não";"Não";"Glosa-base cadastrada; revisão editorial pendente";"Única/não indicada";"";"92";"41"
"A|TEMPO COMUM — ANO A|15º Domingo|salmo|Sl 65";"TEMPO COMUM — ANO A";"15º Domingo";"salmo";"Sl 65";"Sim";"Sim";"Não";"Sim";"Não";"Refrão contextual revisado; estrofes pendentes";"Única/não indicada";"estrofes não alinhadas semanticamente";"104";"25"
"A|TEMPO COMUM — ANO A|15º Domingo|segunda-leitura|Rm 8,18-23";"TEMPO COMUM — ANO A";"15º Domingo";"segunda-leitura";"Rm 8,18-23";"Sim";"Sim";"Não";"Não";"Não";"Glosa-base cadastrada; revisão editorial pendente";"Única/não indicada";"";"141";"41"
"A|TEMPO COMUM — ANO A|15º Domingo|evangelho|Mt 13,1-23";"TEMPO COMUM — ANO A";"15º Domingo";"evangelho";"Mt 13,1-23";"Sim";"Sim";"Sim";"Não";"Não";"Roteiro editorial ampliado (validação Libras pendente)";"Somente longa";"";"467";"232"
"A|TEMPO COMUM — ANO A|16º Domingo|primeira-leitura|Sb 12,13.16-19";"TEMPO COMUM — ANO A";"16º Domingo";"primeira-leitura";"Sb 12,13.16-19";"Sim";"Sim";"Não";"Não";"Não";"Glosa-base cadastrada; revisão editorial pendente";"Única/não indicada";"";"131";"60"
"A|TEMPO COMUM — ANO A|16º Domingo|salmo|Sl 86";"TEMPO COMUM — ANO A";"16º Domingo";"salmo";"Sl 86";"Sim";"Sim";"Não";"Sim";"Não";"Refrão contextual revisado; estrofes pendentes";"Única/não indicada";"estrofes não alinhadas semanticamente";"93";"27"
"A|TEMPO COMUM — ANO A|16º Domingo|segunda-leitura|Rm 8,26-27";"TEMPO COMUM — ANO A";"16º Domingo";"segunda-leitura";"Rm 8,26-27";"Sim";"Sim";"Não";"Não";"Não";"Glosa-base cadastrada; revisão editorial pendente";"Única/não indicada";"";"78";"33"
"A|TEMPO COMUM — ANO A|16º Domingo|evangelho|Mt 13,24-43";"TEMPO COMUM — ANO A";"16º Domingo";"evangelho";"Mt 13,24-43";"Sim";"Sim";"Sim";"Não";"Não";"Roteiro editorial ampliado (validação Libras pendente)";"Somente longa";"marcador de extração";"427";"237"
"A|TEMPO COMUM — ANO A|17º Domingo|primeira-leitura|1Rs 3,5.7-12";"TEMPO COMUM — ANO A";"17º Domingo";"primeira-leitura";"1Rs 3,5.7-12";"Sim";"Sim";"Não";"Não";"Não";"Glosa-base cadastrada; revisão editorial pendente";"Única/não indicada";"";"170";"57"
"A|TEMPO COMUM — ANO A|17º Domingo|salmo|Sl 119";"TEMPO COMUM — ANO A";"17º Domingo";"salmo";"Sl 119";"Sim";"Sim";"Não";"Sim";"Não";"Refrão contextual revisado; estrofes pendentes";"Única/não indicada";"estrofes não alinhadas semanticamente";"124";"25"
"A|TEMPO COMUM — ANO A|17º Domingo|segunda-leitura|Rm 8,28-30";"TEMPO COMUM — ANO A";"17º Domingo";"segunda-leitura";"Rm 8,28-30";"Sim";"Sim";"Não";"Não";"Não";"Glosa-base cadastrada; revisão editorial pendente";"Única/não indicada";"";"98";"43"
"A|TEMPO COMUM — ANO A|17º Domingo|evangelho|Mt 13,44-52";"TEMPO COMUM — ANO A";"17º Domingo";"evangelho";"Mt 13,44-52";"Sim";"Sim";"Sim";"Não";"Não";"Roteiro editorial ampliado (validação Libras pendente)";"Longa e breve";"";"301";"181"
"A|TEMPO COMUM — ANO A|18º Domingo|primeira-leitura|Is 55,1-3";"TEMPO COMUM — ANO A";"18º Domingo";"primeira-leitura";"Is 55,1-3";"Sim";"Sim";"Não";"Não";"Não";"Glosa-base cadastrada; revisão editorial pendente";"Única/não indicada";"";"101";"52"
"A|TEMPO COMUM — ANO A|18º Domingo|salmo|Sl 145";"TEMPO COMUM — ANO A";"18º Domingo";"salmo";"Sl 145";"Sim";"Sim";"Não";"Sim";"Não";"Refrão contextual revisado; estrofes pendentes";"Única/não indicada";"estrofes não alinhadas semanticamente";"101";"26"
"A|TEMPO COMUM — ANO A|18º Domingo|segunda-leitura|Rm 8,35.37-39";"TEMPO COMUM — ANO A";"18º Domingo";"segunda-leitura";"Rm 8,35.37-39";"Sim";"Sim";"Não";"Não";"Não";"Glosa-base cadastrada; revisão editorial pendente";"Única/não indicada";"";"117";"54"
"A|TEMPO COMUM — ANO A|18º Domingo|evangelho|Mt 14,13-21";"TEMPO COMUM — ANO A";"18º Domingo";"evangelho";"Mt 14,13-21";"Sim";"Sim";"Não";"Não";"Não";"Glosa-base cadastrada; revisão editorial pendente";"Única/não indicada";"";"199";"65"
"A|TEMPO COMUM — ANO A|19º Domingo|primeira-leitura|1Rs 19,9.11-13";"TEMPO COMUM — ANO A";"19º Domingo";"primeira-leitura";"1Rs 19,9.11-13";"Sim";"Sim";"Não";"Não";"Não";"Glosa-base cadastrada; revisão editorial pendente";"Única/não indicada";"";"132";"48"
"A|TEMPO COMUM — ANO A|19º Domingo|salmo|Sl 85";"TEMPO COMUM — ANO A";"19º Domingo";"salmo";"Sl 85";"Sim";"Sim";"Não";"Sim";"Não";"Refrão contextual revisado; estrofes pendentes";"Única/não indicada";"estrofes não alinhadas semanticamente";"109";"82"
"A|TEMPO COMUM — ANO A|19º Domingo|segunda-leitura|Rm 9,1-5";"TEMPO COMUM — ANO A";"19º Domingo";"segunda-leitura";"Rm 9,1-5";"Sim";"Sim";"Não";"Não";"Não";"Glosa-base cadastrada; revisão editorial pendente";"Única/não indicada";"";"126";"49"
"A|TEMPO COMUM — ANO A|19º Domingo|evangelho|Mt 14,22-33";"TEMPO COMUM — ANO A";"19º Domingo";"evangelho";"Mt 14,22-33";"Sim";"Sim";"Não";"Não";"Não";"Glosa-base cadastrada; revisão editorial pendente";"Única/não indicada";"";"222";"86"
"A|TEMPO COMUM — ANO A|20º Domingo|primeira-leitura|Is 56,1.6-7";"TEMPO COMUM — ANO A";"20º Domingo";"primeira-leitura";"Is 56,1.6-7";"Sim";"Sim";"Não";"Não";"Não";"Glosa-base cadastrada; revisão editorial pendente";"Única/não indicada";"";"121";"46"
"A|TEMPO COMUM — ANO A|20º Domingo|salmo|Sl 67";"TEMPO COMUM — ANO A";"20º Domingo";"salmo";"Sl 67";"Sim";"Sim";"Não";"Sim";"Não";"Refrão contextual revisado; estrofes pendentes";"Única/não indicada";"estrofes não alinhadas semanticamente";"95";"24"
"A|TEMPO COMUM — ANO A|20º Domingo|segunda-leitura|Rm 11,13-15.29-32";"TEMPO COMUM — ANO A";"20º Domingo";"segunda-leitura";"Rm 11,13-15.29-32";"Sim";"Sim";"Não";"Não";"Não";"Glosa-base cadastrada; revisão editorial pendente";"Única/não indicada";"";"145";"47"
"A|TEMPO COMUM — ANO A|20º Domingo|evangelho|Mt 15,21-28";"TEMPO COMUM — ANO A";"20º Domingo";"evangelho";"Mt 15,21-28";"Sim";"Sim";"Não";"Não";"Não";"Glosa-base cadastrada; revisão editorial pendente";"Única/não indicada";"";"163";"67"
"A|TEMPO COMUM — ANO A|21º Domingo|primeira-leitura|Is 22,15.19-23";"TEMPO COMUM — ANO A";"21º Domingo";"primeira-leitura";"Is 22,15.19-23";"Sim";"Sim";"Não";"Não";"Não";"Glosa-base cadastrada; revisão editorial pendente";"Única/não indicada";"";"134";"53"
"A|TEMPO COMUM — ANO A|21º Domingo|salmo|Sl 138";"TEMPO COMUM — ANO A";"21º Domingo";"salmo";"Sl 138";"Sim";"Sim";"Não";"Sim";"Não";"Refrão contextual revisado; estrofes pendentes";"Única/não indicada";"estrofes não alinhadas semanticamente";"123";"32"
"A|TEMPO COMUM — ANO A|21º Domingo|segunda-leitura|Rm 11,33-36";"TEMPO COMUM — ANO A";"21º Domingo";"segunda-leitura";"Rm 11,33-36";"Sim";"Sim";"Não";"Não";"Não";"Glosa-base cadastrada; revisão editorial pendente";"Única/não indicada";"";"87";"42"
"A|TEMPO COMUM — ANO A|21º Domingo|evangelho|Mt 16,13-20";"TEMPO COMUM — ANO A";"21º Domingo";"evangelho";"Mt 16,13-20";"Sim";"Sim";"Não";"Não";"Não";"Glosa-base cadastrada; revisão editorial pendente";"Única/não indicada";"";"194";"61"
"A|TEMPO COMUM — ANO A|22º Domingo|primeira-leitura|Jr 20,7-9";"TEMPO COMUM — ANO A";"22º Domingo";"primeira-leitura";"Jr 20,7-9";"Sim";"Sim";"Não";"Não";"Não";"Glosa-base cadastrada; revisão editorial pendente";"Única/não indicada";"";"110";"58"
"A|TEMPO COMUM — ANO A|22º Domingo|salmo|Sl 63";"TEMPO COMUM — ANO A";"22º Domingo";"salmo";"Sl 63";"Sim";"Sim";"Não";"Sim";"Não";"Refrão contextual revisado; estrofes pendentes";"Única/não indicada";"estrofes não alinhadas semanticamente";"124";"121"
"A|TEMPO COMUM — ANO A|22º Domingo|segunda-leitura|Rm 12,1-2";"TEMPO COMUM — ANO A";"22º Domingo";"segunda-leitura";"Rm 12,1-2";"Sim";"Sim";"Não";"Não";"Não";"Glosa-base cadastrada; revisão editorial pendente";"Única/não indicada";"";"78";"40"
"A|TEMPO COMUM — ANO A|22º Domingo|evangelho|Mt 16,21-27";"TEMPO COMUM — ANO A";"22º Domingo";"evangelho";"Mt 16,21-27";"Sim";"Sim";"Não";"Não";"Não";"Glosa-base cadastrada; revisão editorial pendente";"Única/não indicada";"";"201";"80"
"A|TEMPO COMUM — ANO A|23º Domingo|primeira-leitura|Ez 33,7-9";"TEMPO COMUM — ANO A";"23º Domingo";"primeira-leitura";"Ez 33,7-9";"Sim";"Sim";"Não";"Não";"Não";"Glosa-base cadastrada; revisão editorial pendente";"Única/não indicada";"";"115";"58"
"A|TEMPO COMUM — ANO A|23º Domingo|salmo|Sl 95";"TEMPO COMUM — ANO A";"23º Domingo";"salmo";"Sl 95";"Sim";"Sim";"Não";"Sim";"Não";"Refrão contextual revisado; estrofes pendentes";"Única/não indicada";"estrofes não alinhadas semanticamente";"108";"32"
"A|TEMPO COMUM — ANO A|23º Domingo|segunda-leitura|Rm 13,8-10";"TEMPO COMUM — ANO A";"23º Domingo";"segunda-leitura";"Rm 13,8-10";"Sim";"Sim";"Não";"Não";"Não";"Glosa-base cadastrada; revisão editorial pendente";"Única/não indicada";"";"96";"46"
"A|TEMPO COMUM — ANO A|23º Domingo|evangelho|Mt 18,15-20";"TEMPO COMUM — ANO A";"23º Domingo";"evangelho";"Mt 18,15-20";"Sim";"Sim";"Não";"Não";"Não";"Glosa-base cadastrada; revisão editorial pendente";"Única/não indicada";"";"170";"66"
"A|TEMPO COMUM — ANO A|24º Domingo|primeira-leitura|Eclo 27,33–28,9";"TEMPO COMUM — ANO A";"24º Domingo";"primeira-leitura";"Eclo 27,33–28,9";"Sim";"Sim";"Não";"Não";"Não";"Glosa-base cadastrada; revisão editorial pendente";"Única/não indicada";"";"160";"51"
"A|TEMPO COMUM — ANO A|24º Domingo|salmo|Sl 103";"TEMPO COMUM — ANO A";"24º Domingo";"salmo";"Sl 103";"Sim";"Sim";"Não";"Sim";"Não";"Refrão contextual revisado; estrofes pendentes";"Única/não indicada";"estrofes não alinhadas semanticamente";"126";"31"
"A|TEMPO COMUM — ANO A|24º Domingo|segunda-leitura|Rm 14,7-9";"TEMPO COMUM — ANO A";"24º Domingo";"segunda-leitura";"Rm 14,7-9";"Sim";"Sim";"Não";"Não";"Não";"Glosa-base cadastrada; revisão editorial pendente";"Única/não indicada";"";"76";"40"
"A|TEMPO COMUM — ANO A|24º Domingo|evangelho|Mt 18,21-35";"TEMPO COMUM — ANO A";"24º Domingo";"evangelho";"Mt 18,21-35";"Sim";"Sim";"Não";"Não";"Não";"Glosa-base cadastrada; revisão editorial pendente";"Única/não indicada";"";"288";"64"
"A|TEMPO COMUM — ANO A|25º Domingo|primeira-leitura|Is 55,6-9";"TEMPO COMUM — ANO A";"25º Domingo";"primeira-leitura";"Is 55,6-9";"Sim";"Sim";"Não";"Não";"Não";"Glosa-base cadastrada; revisão editorial pendente";"Única/não indicada";"marcador de extração";"103";"53"
"A|TEMPO COMUM — ANO A|25º Domingo|salmo|Sl 145";"TEMPO COMUM — ANO A";"25º Domingo";"salmo";"Sl 145";"Sim";"Sim";"Não";"Sim";"Não";"Refrão contextual revisado; estrofes pendentes";"Única/não indicada";"estrofes não alinhadas semanticamente";"102";"26"
"A|TEMPO COMUM — ANO A|25º Domingo|segunda-leitura|Fl 1,20-24.27";"TEMPO COMUM — ANO A";"25º Domingo";"segunda-leitura";"Fl 1,20-24.27";"Sim";"Sim";"Não";"Não";"Não";"Glosa-base cadastrada; revisão editorial pendente";"Única/não indicada";"";"97";"51"
"A|TEMPO COMUM — ANO A|25º Domingo|evangelho|Mt 20,1-16";"TEMPO COMUM — ANO A";"25º Domingo";"evangelho";"Mt 20,1-16";"Sim";"Sim";"Sim";"Não";"Não";"Roteiro editorial ampliado (validação Libras pendente)";"Única/não indicada";"";"309";"205"
"A|TEMPO COMUM — ANO A|26º Domingo|primeira-leitura|Ez 18,25-28";"TEMPO COMUM — ANO A";"26º Domingo";"primeira-leitura";"Ez 18,25-28";"Sim";"Sim";"Não";"Não";"Não";"Glosa-base cadastrada; revisão editorial pendente";"Única/não indicada";"";"123";"52"
"A|TEMPO COMUM — ANO A|26º Domingo|salmo|Sl 25";"TEMPO COMUM — ANO A";"26º Domingo";"salmo";"Sl 25";"Sim";"Sim";"Não";"Sim";"Não";"Refrão contextual revisado; estrofes pendentes";"Única/não indicada";"estrofes não alinhadas semanticamente";"98";"21"
"A|TEMPO COMUM — ANO A|26º Domingo|segunda-leitura|Fl 2,1-11";"TEMPO COMUM — ANO A";"26º Domingo";"segunda-leitura";"Fl 2,1-11";"Sim";"Sim";"Sim";"Não";"Não";"Roteiro editorial ampliado (validação Libras pendente)";"Longa e breve";"";"319";"191"
"A|TEMPO COMUM — ANO A|26º Domingo|evangelho|Mt 21,28-32";"TEMPO COMUM — ANO A";"26º Domingo";"evangelho";"Mt 21,28-32";"Sim";"Sim";"Sim";"Não";"Não";"Roteiro editorial ampliado (validação Libras pendente)";"Única/não indicada";"";"172";"148"
"A|TEMPO COMUM — ANO A|27º Domingo|primeira-leitura|Is 5,1-7";"TEMPO COMUM — ANO A";"27º Domingo";"primeira-leitura";"Is 5,1-7";"Sim";"Sim";"Não";"Não";"Não";"Glosa-base cadastrada; revisão editorial pendente";"Única/não indicada";"";"208";"170"
"A|TEMPO COMUM — ANO A|27º Domingo|salmo|Sl 80";"TEMPO COMUM — ANO A";"27º Domingo";"salmo";"Sl 80";"Sim";"Sim";"Não";"Sim";"Sim";"Estrutura contextual preliminar (validação Libras pendente)";"Única/não indicada";"estrutura contextual registrada (validação Libras pendente)";"129";"143"
"A|TEMPO COMUM — ANO A|27º Domingo|segunda-leitura|Fl 4,6-9";"TEMPO COMUM — ANO A";"27º Domingo";"segunda-leitura";"Fl 4,6-9";"Sim";"Sim";"Não";"Não";"Não";"Glosa-base cadastrada; revisão editorial pendente";"Única/não indicada";"";"141";"109"
"A|TEMPO COMUM — ANO A|27º Domingo|evangelho|Mt 21,33-43";"TEMPO COMUM — ANO A";"27º Domingo";"evangelho";"Mt 21,33-43";"Sim";"Sim";"Não";"Não";"Não";"Glosa-base cadastrada; revisão editorial pendente";"Única/não indicada";"";"237";"249"
"A|TEMPO COMUM — ANO A|28º Domingo|primeira-leitura|Is 25,6-10";"TEMPO COMUM — ANO A";"28º Domingo";"primeira-leitura";"Is 25,6-10";"Sim";"Sim";"Não";"Não";"Não";"Glosa-base cadastrada; revisão editorial pendente";"Única/não indicada";"";"142";"115"
"A|TEMPO COMUM — ANO A|28º Domingo|salmo|Sl 23";"TEMPO COMUM — ANO A";"28º Domingo";"salmo";"Sl 23";"Sim";"Sim";"Não";"Sim";"Sim";"Estrutura contextual preliminar (validação Libras pendente)";"Única/não indicada";"estrutura contextual registrada (validação Libras pendente)";"122";"113"
"A|TEMPO COMUM — ANO A|28º Domingo|segunda-leitura|Fl 4,12-14.19-20";"TEMPO COMUM — ANO A";"28º Domingo";"segunda-leitura";"Fl 4,12-14.19-20";"Sim";"Sim";"Não";"Não";"Não";"Glosa-base cadastrada; revisão editorial pendente";"Única/não indicada";"";"104";"88"
"A|TEMPO COMUM — ANO A|28º Domingo|evangelho|Mt 22,1-14";"TEMPO COMUM — ANO A";"28º Domingo";"evangelho";"Mt 22,1-14";"Sim";"Sim";"Sim";"Não";"Não";"Roteiro editorial ampliado (validação Libras pendente)";"Somente longa";"";"266";"178"
"A|TEMPO COMUM — ANO A|29º Domingo|primeira-leitura|Is 45,1.4-6";"TEMPO COMUM — ANO A";"29º Domingo";"primeira-leitura";"Is 45,1.4-6";"Sim";"Sim";"Não";"Não";"Não";"Glosa-base cadastrada; revisão editorial pendente";"Única/não indicada";"";"138";"126"
"A|TEMPO COMUM — ANO A|29º Domingo|salmo|Sl 96";"TEMPO COMUM — ANO A";"29º Domingo";"salmo";"Sl 96";"Sim";"Sim";"Não";"Sim";"Sim";"Estrutura contextual preliminar (validação Libras pendente)";"Única/não indicada";"estrutura contextual registrada (validação Libras pendente)";"124";"83"
"A|TEMPO COMUM — ANO A|29º Domingo|segunda-leitura|1Ts 1,1-5";"TEMPO COMUM — ANO A";"29º Domingo";"segunda-leitura";"1Ts 1,1-5";"Sim";"Sim";"Não";"Não";"Não";"Glosa-base cadastrada; revisão editorial pendente";"Única/não indicada";"";"125";"111"
"A|TEMPO COMUM — ANO A|29º Domingo|evangelho|Mt 22,15-21";"TEMPO COMUM — ANO A";"29º Domingo";"evangelho";"Mt 22,15-21";"Sim";"Sim";"Não";"Não";"Não";"Glosa-base cadastrada; revisão editorial pendente";"Única/não indicada";"";"152";"120"
"A|TEMPO COMUM — ANO A|30º Domingo|primeira-leitura|Ex 22,20-26";"TEMPO COMUM — ANO A";"30º Domingo";"primeira-leitura";"Ex 22,20-26";"Sim";"Sim";"Não";"Não";"Não";"Glosa-base cadastrada; revisão editorial pendente";"Única/não indicada";"";"165";"114"
"A|TEMPO COMUM — ANO A|30º Domingo|salmo|Sl 18";"TEMPO COMUM — ANO A";"30º Domingo";"salmo";"Sl 18";"Sim";"Sim";"Não";"Sim";"Sim";"Estrutura contextual preliminar (validação Libras pendente)";"Única/não indicada";"estrutura contextual registrada (validação Libras pendente)";"102";"80"
"A|TEMPO COMUM — ANO A|30º Domingo|segunda-leitura|1Ts 1,5-10";"TEMPO COMUM — ANO A";"30º Domingo";"segunda-leitura";"1Ts 1,5-10";"Sim";"Sim";"Não";"Não";"Não";"Glosa-base cadastrada; revisão editorial pendente";"Única/não indicada";"";"164";"124"
"A|TEMPO COMUM — ANO A|30º Domingo|evangelho|Mt 22,34-40";"TEMPO COMUM — ANO A";"30º Domingo";"evangelho";"Mt 22,34-40";"Sim";"Sim";"Não";"Não";"Não";"Glosa-base cadastrada; revisão editorial pendente";"Única/não indicada";"";"121";"84"
"A|TEMPO COMUM — ANO A|31º Domingo|primeira-leitura|Ml 1,14–2,2.8-10";"TEMPO COMUM — ANO A";"31º Domingo";"primeira-leitura";"Ml 1,14–2,2.8-10";"Sim";"Sim";"Não";"Não";"Não";"Glosa-base cadastrada; revisão editorial pendente";"Única/não indicada";"";"152";"127"
"A|TEMPO COMUM — ANO A|31º Domingo|salmo|Sl 131";"TEMPO COMUM — ANO A";"31º Domingo";"salmo";"Sl 131";"Sim";"Sim";"Não";"Sim";"Sim";"Estrutura contextual preliminar (validação Libras pendente)";"Única/não indicada";"estrutura contextual registrada (validação Libras pendente)";"63";"66"
"A|TEMPO COMUM — ANO A|31º Domingo|segunda-leitura|1Ts 2,7-9.13";"TEMPO COMUM — ANO A";"31º Domingo";"segunda-leitura";"1Ts 2,7-9.13";"Sim";"Sim";"Não";"Não";"Não";"Glosa-base cadastrada; revisão editorial pendente";"Única/não indicada";"";"155";"129"
"A|TEMPO COMUM — ANO A|31º Domingo|evangelho|Mt 23,1-12";"TEMPO COMUM — ANO A";"31º Domingo";"evangelho";"Mt 23,1-12";"Sim";"Sim";"Não";"Não";"Não";"Glosa-base cadastrada; revisão editorial pendente";"Única/não indicada";"";"193";"160"
"A|TEMPO COMUM — ANO A|32º Domingo|primeira-leitura|Sb 6,12-16";"TEMPO COMUM — ANO A";"32º Domingo";"primeira-leitura";"Sb 6,12-16";"Sim";"Sim";"Não";"Não";"Não";"Glosa-base cadastrada; revisão editorial pendente";"Única/não indicada";"";"113";"104"
"A|TEMPO COMUM — ANO A|32º Domingo|salmo|Sl 63";"TEMPO COMUM — ANO A";"32º Domingo";"salmo";"Sl 63";"Sim";"Sim";"Não";"Sim";"Sim";"Estrutura contextual preliminar (validação Libras pendente)";"Única/não indicada";"estrutura contextual registrada (validação Libras pendente)";"123";"121"
"A|TEMPO COMUM — ANO A|32º Domingo|segunda-leitura|1Ts 4,13-18";"TEMPO COMUM — ANO A";"32º Domingo";"segunda-leitura";"1Ts 4,13-18";"Sim";"Sim";"Não";"Não";"Não";"Glosa-base cadastrada; revisão editorial pendente";"Longa e breve";"";"238";"136"
"A|TEMPO COMUM — ANO A|32º Domingo|evangelho|Mt 25,1-13";"TEMPO COMUM — ANO A";"32º Domingo";"evangelho";"Mt 25,1-13";"Sim";"Sim";"Sim";"Não";"Não";"Roteiro editorial ampliado (validação Libras pendente)";"Única/não indicada";"";"208";"153"
"A|TEMPO COMUM — ANO A|33º Domingo|primeira-leitura|Pr 31,10-13.19-20.30-31";"TEMPO COMUM — ANO A";"33º Domingo";"primeira-leitura";"Pr 31,10-13.19-20.30-31";"Sim";"Sim";"Não";"Não";"Não";"Glosa-base cadastrada; revisão editorial pendente";"Única/não indicada";"";"123";"108"
"A|TEMPO COMUM — ANO A|33º Domingo|salmo|Sl 128";"TEMPO COMUM — ANO A";"33º Domingo";"salmo";"Sl 128";"Sim";"Sim";"Não";"Sim";"Sim";"Estrutura contextual preliminar (validação Libras pendente)";"Única/não indicada";"estrutura contextual registrada (validação Libras pendente)";"91";"79"
"A|TEMPO COMUM — ANO A|33º Domingo|segunda-leitura|1Ts 5,1-6";"TEMPO COMUM — ANO A";"33º Domingo";"segunda-leitura";"1Ts 5,1-6";"Sim";"Sim";"Não";"Não";"Não";"Glosa-base cadastrada; revisão editorial pendente";"Única/não indicada";"";"135";"104"
"A|TEMPO COMUM — ANO A|33º Domingo|evangelho|Mt 25,14-30";"TEMPO COMUM — ANO A";"33º Domingo";"evangelho";"Mt 25,14-30";"Sim";"Sim";"Sim";"Não";"Não";"Roteiro editorial ampliado (validação Libras pendente)";"Longa e breve";"";"492";"234"
"A|TEMPO COMUM — ANO A|34º Domingo — Cristo Rei|primeira-leitura|Ez 34,11-12.15-17";"TEMPO COMUM — ANO A";"34º Domingo — Cristo Rei";"primeira-leitura";"Ez 34,11-12.15-17";"Sim";"Sim";"Não";"Não";"Não";"Glosa-base cadastrada; revisão editorial pendente";"Única/não indicada";"";"151";"115"
"A|TEMPO COMUM — ANO A|34º Domingo — Cristo Rei|salmo|Sl 23";"TEMPO COMUM — ANO A";"34º Domingo — Cristo Rei";"salmo";"Sl 23";"Sim";"Sim";"Não";"Sim";"Sim";"Estrutura contextual preliminar (validação Libras pendente)";"Única/não indicada";"estrutura contextual registrada (validação Libras pendente)";"111";"113"
"A|TEMPO COMUM — ANO A|34º Domingo — Cristo Rei|segunda-leitura|1Cor 15,20-26.28";"TEMPO COMUM — ANO A";"34º Domingo — Cristo Rei";"segunda-leitura";"1Cor 15,20-26.28";"Sim";"Sim";"Não";"Não";"Não";"Glosa-base cadastrada; revisão editorial pendente";"Única/não indicada";"";"179";"132"
"A|TEMPO COMUM — ANO A|34º Domingo — Cristo Rei|evangelho|Mt 25,31-46";"TEMPO COMUM — ANO A";"34º Domingo — Cristo Rei";"evangelho";"Mt 25,31-46";"Sim";"Sim";"Sim";"Não";"Não";"Roteiro editorial ampliado (validação Libras pendente)";"Única/não indicada";"";"365";"251"
"A|QUARESMA|1º Domingo|primeira-leitura|Gn 2,7-9; 3,1-7";"QUARESMA";"1º Domingo";"primeira-leitura";"Gn 2,7-9; 3,1-7";"Sim";"Sim";"Não";"Não";"Não";"Glosa-base cadastrada; revisão editorial pendente";"Única/não indicada";"";"279";"69"
"A|QUARESMA|1º Domingo|salmo|Sl 51";"QUARESMA";"1º Domingo";"salmo";"Sl 51";"Sim";"Sim";"Não";"Sim";"Não";"Refrão contextual revisado; estrofes pendentes";"Única/não indicada";"estrofes não alinhadas semanticamente";"139";"26"
"A|QUARESMA|1º Domingo|segunda-leitura|Rm 5,12-19";"QUARESMA";"1º Domingo";"segunda-leitura";"Rm 5,12-19";"Sim";"Sim";"Sim";"Não";"Não";"Roteiro editorial ampliado (validação Libras pendente)";"Longa e breve";"";"425";"200"
"A|QUARESMA|1º Domingo|evangelho|Mt 4,1-11";"QUARESMA";"1º Domingo";"evangelho";"Mt 4,1-11";"Sim";"Sim";"Não";"Não";"Não";"Glosa-base cadastrada; revisão editorial pendente";"Única/não indicada";"remissão litúrgica inserida no texto; cabeçalho de página inserido";"236";"66"
"A|QUARESMA|2º Domingo|primeira-leitura|Gn 12,1-4";"QUARESMA";"2º Domingo";"primeira-leitura";"Gn 12,1-4";"Sim";"Sim";"Não";"Não";"Não";"Glosa-base cadastrada; revisão editorial pendente";"Única/não indicada";"";"94";"50"
"A|QUARESMA|2º Domingo|salmo|Sl 33";"QUARESMA";"2º Domingo";"salmo";"Sl 33";"Sim";"Sim";"Não";"Sim";"Não";"Refrão contextual revisado; estrofes pendentes";"Única/não indicada";"estrofes não alinhadas semanticamente";"111";"25"
"A|QUARESMA|2º Domingo|segunda-leitura|2Tm 1,8-10";"QUARESMA";"2º Domingo";"segunda-leitura";"2Tm 1,8-10";"Sim";"Sim";"Não";"Não";"Não";"Glosa-base cadastrada; revisão editorial pendente";"Única/não indicada";"";"93";"51"
"A|QUARESMA|2º Domingo|evangelho|Mt 17,1-9";"QUARESMA";"2º Domingo";"evangelho";"Mt 17,1-9";"Sim";"Sim";"Não";"Não";"Não";"Glosa-base cadastrada; revisão editorial pendente";"Única/não indicada";"remissão litúrgica inserida no texto";"217";"67"
"A|QUARESMA|3º Domingo|primeira-leitura|Ex 17,3-7";"QUARESMA";"3º Domingo";"primeira-leitura";"Ex 17,3-7";"Sim";"Sim";"Não";"Não";"Não";"Glosa-base cadastrada; revisão editorial pendente";"Única/não indicada";"";"164";"65"
"A|QUARESMA|3º Domingo|salmo|Sl 95";"QUARESMA";"3º Domingo";"salmo";"Sl 95";"Sim";"Sim";"Não";"Sim";"Não";"Refrão contextual revisado; estrofes pendentes";"Única/não indicada";"estrofes não alinhadas semanticamente";"109";"32"
"A|QUARESMA|3º Domingo|segunda-leitura|Rm 5,1-2.5-8";"QUARESMA";"3º Domingo";"segunda-leitura";"Rm 5,1-2.5-8";"Sim";"Sim";"Não";"Não";"Não";"Glosa-base cadastrada; revisão editorial pendente";"Única/não indicada";"";"138";"48"
"A|QUARESMA|3º Domingo|evangelho|Jo 4,5-42";"QUARESMA";"3º Domingo";"evangelho";"Jo 4,5-42";"Sim";"Sim";"Sim";"Não";"Não";"Roteiro editorial ampliado (validação Libras pendente)";"Somente longa";"remissão litúrgica inserida no texto; marcador de extração";"741";"353"
"A|QUARESMA|4º Domingo|primeira-leitura|1Sm 16,1.6-7.10-13";"QUARESMA";"4º Domingo";"primeira-leitura";"1Sm 16,1.6-7.10-13";"Sim";"Sim";"Não";"Não";"Não";"Glosa-base cadastrada; revisão editorial pendente";"Única/não indicada";"";"209";"58"
"A|QUARESMA|4º Domingo|salmo|Sl 23";"QUARESMA";"4º Domingo";"salmo";"Sl 23";"Sim";"Sim";"Não";"Sim";"Não";"Refrão contextual revisado; estrofes pendentes";"Única/não indicada";"estrofes não alinhadas semanticamente";"129";"113"
"A|QUARESMA|4º Domingo|segunda-leitura|Ef 5,8-14";"QUARESMA";"4º Domingo";"segunda-leitura";"Ef 5,8-14";"Sim";"Sim";"Não";"Não";"Não";"Glosa-base cadastrada; revisão editorial pendente";"Única/não indicada";"";"135";"54"
"A|QUARESMA|4º Domingo|evangelho|Jo 9,1-41";"QUARESMA";"4º Domingo";"evangelho";"Jo 9,1-41";"Sim";"Sim";"Sim";"Não";"Não";"Roteiro editorial ampliado (validação Libras pendente)";"Somente longa";"remissão litúrgica inserida no texto";"757";"315"
"A|QUARESMA|5º Domingo|primeira-leitura|Ez 37,12-14";"QUARESMA";"5º Domingo";"primeira-leitura";"Ez 37,12-14";"Sim";"Sim";"Não";"Não";"Não";"Glosa-base cadastrada; revisão editorial pendente";"Única/não indicada";"";"89";"41"
"A|QUARESMA|5º Domingo|salmo|Sl 130";"QUARESMA";"5º Domingo";"salmo";"Sl 130";"Sim";"Sim";"Não";"Sim";"Não";"Refrão contextual revisado; estrofes pendentes";"Única/não indicada";"estrofes não alinhadas semanticamente";"117";"29"
"A|QUARESMA|5º Domingo|segunda-leitura|Rm 8,8-11";"QUARESMA";"5º Domingo";"segunda-leitura";"Rm 8,8-11";"Sim";"Sim";"Não";"Não";"Não";"Glosa-base cadastrada; revisão editorial pendente";"Única/não indicada";"";"136";"57"
"A|QUARESMA|5º Domingo|evangelho|Jo 11,1-45";"QUARESMA";"5º Domingo";"evangelho";"Jo 11,1-45";"Sim";"Sim";"Sim";"Não";"Não";"Roteiro editorial ampliado (validação Libras pendente)";"Somente longa";"remissão litúrgica inserida no texto; cabeçalho de página inserido";"741";"316"
"A|QUARESMA|Domingo de Ramos e da Paixão|procissao|Mt 21,1-11";"QUARESMA";"Domingo de Ramos e da Paixão";"procissao";"Mt 21,1-11";"Sim";"Sim";"Não";"Não";"Não";"Glosa-base cadastrada; revisão editorial pendente";"Única/não indicada";"cabeçalho de página inserido";"224";"55"
"A|QUARESMA|Domingo de Ramos e da Paixão|primeira-leitura|Is 50,4-7";"QUARESMA";"Domingo de Ramos e da Paixão";"primeira-leitura";"Is 50,4-7";"Sim";"Sim";"Não";"Não";"Não";"Glosa-base cadastrada; revisão editorial pendente";"Única/não indicada";"";"134";"59"
"A|QUARESMA|Domingo de Ramos e da Paixão|salmo|Sl 22";"QUARESMA";"Domingo de Ramos e da Paixão";"salmo";"Sl 22";"Sim";"Sim";"Não";"Sim";"Não";"Refrão contextual revisado; estrofes pendentes";"Única/não indicada";"estrofes não alinhadas semanticamente";"132";"27"
"A|QUARESMA|Domingo de Ramos e da Paixão|segunda-leitura|Fl 2,6-11";"QUARESMA";"Domingo de Ramos e da Paixão";"segunda-leitura";"Fl 2,6-11";"Sim";"Sim";"Não";"Não";"Não";"Glosa-base cadastrada; revisão editorial pendente";"Única/não indicada";"cabeçalho de página inserido";"121";"60"
"A|QUARESMA|Domingo de Ramos e da Paixão|paixao|Mt 26,14–27,66";"QUARESMA";"Domingo de Ramos e da Paixão";"paixao";"Mt 26,14–27,66";"Sim";"Sim";"Sim";"Não";"Não";"Roteiro editorial ampliado (validação Libras pendente)";"Somente longa";"cabeçalho de página inserido";"2446";"519"
"A|PÁSCOA E TEMPO PASCAL|Domingo da Páscoa|primeira-leitura|At 10,34.37-43";"PÁSCOA E TEMPO PASCAL";"Domingo da Páscoa";"primeira-leitura";"At 10,34.37-43";"Sim";"Sim";"Não";"Não";"Não";"Glosa-base cadastrada; revisão editorial pendente";"Única/não indicada";"";"180";"57"
"A|PÁSCOA E TEMPO PASCAL|Domingo da Páscoa|salmo|Sl 118";"PÁSCOA E TEMPO PASCAL";"Domingo da Páscoa";"salmo";"Sl 118";"Sim";"Sim";"Não";"Sim";"Não";"Refrão contextual revisado; estrofes pendentes";"Única/não indicada";"estrofes não alinhadas semanticamente";"90";"29"
"A|PÁSCOA E TEMPO PASCAL|Domingo da Páscoa|segunda-leitura|Cl 3,1-4 ou 1Cor 5,6-8";"PÁSCOA E TEMPO PASCAL";"Domingo da Páscoa";"segunda-leitura";"Cl 3,1-4 ou 1Cor 5,6-8";"Sim";"Sim";"Não";"Não";"Não";"Glosa-base cadastrada; revisão editorial pendente";"Única/não indicada";"marcador de extração";"269";"54"
"A|PÁSCOA E TEMPO PASCAL|Domingo da Páscoa|evangelho|Jo 20,1-9";"PÁSCOA E TEMPO PASCAL";"Domingo da Páscoa";"evangelho";"Jo 20,1-9";"Sim";"Sim";"Não";"Não";"Não";"Glosa-base cadastrada; revisão editorial pendente";"Única/não indicada";"";"180";"44"
"A|PÁSCOA E TEMPO PASCAL|2º Domingo da Páscoa|primeira-leitura|At 2,42-47";"PÁSCOA E TEMPO PASCAL";"2º Domingo da Páscoa";"primeira-leitura";"At 2,42-47";"Sim";"Sim";"Não";"Não";"Não";"Glosa-base cadastrada; revisão editorial pendente";"Única/não indicada";"";"143";"47"
"A|PÁSCOA E TEMPO PASCAL|2º Domingo da Páscoa|salmo|Sl 118";"PÁSCOA E TEMPO PASCAL";"2º Domingo da Páscoa";"salmo";"Sl 118";"Sim";"Sim";"Não";"Sim";"Não";"Refrão contextual revisado; estrofes pendentes";"Única/não indicada";"estrofes não alinhadas semanticamente";"141";"29"
"A|PÁSCOA E TEMPO PASCAL|2º Domingo da Páscoa|segunda-leitura|1Pd 1,3-9";"PÁSCOA E TEMPO PASCAL";"2º Domingo da Páscoa";"segunda-leitura";"1Pd 1,3-9";"Sim";"Sim";"Não";"Não";"Não";"Glosa-base cadastrada; revisão editorial pendente";"Única/não indicada";"";"192";"55"
"A|PÁSCOA E TEMPO PASCAL|2º Domingo da Páscoa|evangelho|Jo 20,19-31";"PÁSCOA E TEMPO PASCAL";"2º Domingo da Páscoa";"evangelho";"Jo 20,19-31";"Sim";"Sim";"Não";"Não";"Não";"Glosa-base cadastrada; revisão editorial pendente";"Única/não indicada";"";"293";"68"
"A|PÁSCOA E TEMPO PASCAL|3º Domingo da Páscoa|primeira-leitura|At 2,14.22-28";"PÁSCOA E TEMPO PASCAL";"3º Domingo da Páscoa";"primeira-leitura";"At 2,14.22-28";"Sim";"Sim";"Não";"Não";"Não";"Glosa-base cadastrada; revisão editorial pendente";"Única/não indicada";"glosa-base condensada; comparar omissões";"311";"53"
"A|PÁSCOA E TEMPO PASCAL|3º Domingo da Páscoa|salmo|Sl 16";"PÁSCOA E TEMPO PASCAL";"3º Domingo da Páscoa";"salmo";"Sl 16";"Sim";"Sim";"Não";"Sim";"Não";"Refrão contextual revisado; estrofes pendentes";"Única/não indicada";"estrofes não alinhadas semanticamente";"131";"23"
"A|PÁSCOA E TEMPO PASCAL|3º Domingo da Páscoa|segunda-leitura|1Pd 1,17-21";"PÁSCOA E TEMPO PASCAL";"3º Domingo da Páscoa";"segunda-leitura";"1Pd 1,17-21";"Sim";"Sim";"Não";"Não";"Não";"Glosa-base cadastrada; revisão editorial pendente";"Única/não indicada";"";"130";"47"
"A|PÁSCOA E TEMPO PASCAL|3º Domingo da Páscoa|evangelho|Lc 24,13-35";"PÁSCOA E TEMPO PASCAL";"3º Domingo da Páscoa";"evangelho";"Lc 24,13-35";"Sim";"Sim";"Sim";"Não";"Não";"Roteiro editorial ampliado (validação Libras pendente)";"Única/não indicada";"";"423";"285"
"A|PÁSCOA E TEMPO PASCAL|4º Domingo da Páscoa|primeira-leitura|At 2,14.36-41";"PÁSCOA E TEMPO PASCAL";"4º Domingo da Páscoa";"primeira-leitura";"At 2,14.36-41";"Sim";"Sim";"Não";"Não";"Não";"Glosa-base cadastrada; revisão editorial pendente";"Única/não indicada";"";"164";"60"
"A|PÁSCOA E TEMPO PASCAL|4º Domingo da Páscoa|salmo|Sl 23";"PÁSCOA E TEMPO PASCAL";"4º Domingo da Páscoa";"salmo";"Sl 23";"Sim";"Sim";"Não";"Sim";"Não";"Refrão contextual revisado; estrofes pendentes";"Única/não indicada";"estrofes não alinhadas semanticamente";"126";"113"
"A|PÁSCOA E TEMPO PASCAL|4º Domingo da Páscoa|segunda-leitura|1Pd 2,20-25";"PÁSCOA E TEMPO PASCAL";"4º Domingo da Páscoa";"segunda-leitura";"1Pd 2,20-25";"Sim";"Sim";"Não";"Não";"Não";"Glosa-base cadastrada; revisão editorial pendente";"Única/não indicada";"";"140";"61"
"A|PÁSCOA E TEMPO PASCAL|4º Domingo da Páscoa|evangelho|Jo 10,1-10";"PÁSCOA E TEMPO PASCAL";"4º Domingo da Páscoa";"evangelho";"Jo 10,1-10";"Sim";"Sim";"Não";"Não";"Não";"Glosa-base cadastrada; revisão editorial pendente";"Única/não indicada";"";"216";"52"
"A|PÁSCOA E TEMPO PASCAL|5º Domingo da Páscoa|primeira-leitura|At 6,1-7";"PÁSCOA E TEMPO PASCAL";"5º Domingo da Páscoa";"primeira-leitura";"At 6,1-7";"Sim";"Sim";"Não";"Não";"Não";"Glosa-base cadastrada; revisão editorial pendente";"Única/não indicada";"";"170";"51"
"A|PÁSCOA E TEMPO PASCAL|5º Domingo da Páscoa|salmo|Sl 33";"PÁSCOA E TEMPO PASCAL";"5º Domingo da Páscoa";"salmo";"Sl 33";"Sim";"Sim";"Não";"Sim";"Não";"Refrão contextual revisado; estrofes pendentes";"Única/não indicada";"estrofes não alinhadas semanticamente";"106";"25"
"A|PÁSCOA E TEMPO PASCAL|5º Domingo da Páscoa|segunda-leitura|1Pd 2,4-9";"PÁSCOA E TEMPO PASCAL";"5º Domingo da Páscoa";"segunda-leitura";"1Pd 2,4-9";"Sim";"Sim";"Não";"Não";"Não";"Glosa-base cadastrada; revisão editorial pendente";"Única/não indicada";"";"161";"55"
"A|PÁSCOA E TEMPO PASCAL|5º Domingo da Páscoa|evangelho|Jo 14,1-12";"PÁSCOA E TEMPO PASCAL";"5º Domingo da Páscoa";"evangelho";"Jo 14,1-12";"Sim";"Sim";"Não";"Não";"Não";"Glosa-base cadastrada; revisão editorial pendente";"Única/não indicada";"";"262";"59"
"A|PÁSCOA E TEMPO PASCAL|6º Domingo da Páscoa|primeira-leitura|At 8,5-8.14-17";"PÁSCOA E TEMPO PASCAL";"6º Domingo da Páscoa";"primeira-leitura";"At 8,5-8.14-17";"Sim";"Sim";"Não";"Não";"Não";"Glosa-base cadastrada; revisão editorial pendente";"Única/não indicada";"";"139";"48"
"A|PÁSCOA E TEMPO PASCAL|6º Domingo da Páscoa|salmo|Sl 66";"PÁSCOA E TEMPO PASCAL";"6º Domingo da Páscoa";"salmo";"Sl 66";"Sim";"Sim";"Não";"Sim";"Não";"Refrão contextual revisado; estrofes pendentes";"Única/não indicada";"estrofes não alinhadas semanticamente";"96";"23"
"A|PÁSCOA E TEMPO PASCAL|6º Domingo da Páscoa|segunda-leitura|1Pd 3,15-18";"PÁSCOA E TEMPO PASCAL";"6º Domingo da Páscoa";"segunda-leitura";"1Pd 3,15-18";"Sim";"Sim";"Não";"Não";"Não";"Glosa-base cadastrada; revisão editorial pendente";"Única/não indicada";"";"129";"45"
"A|PÁSCOA E TEMPO PASCAL|6º Domingo da Páscoa|evangelho|Jo 14,15-21";"PÁSCOA E TEMPO PASCAL";"6º Domingo da Páscoa";"evangelho";"Jo 14,15-21";"Sim";"Sim";"Não";"Não";"Não";"Glosa-base cadastrada; revisão editorial pendente";"Única/não indicada";"";"156";"53"
"A|PÁSCOA E TEMPO PASCAL|Ascensão do Senhor|primeira-leitura|At 1,1-11";"PÁSCOA E TEMPO PASCAL";"Ascensão do Senhor";"primeira-leitura";"At 1,1-11";"Sim";"Sim";"Não";"Não";"Não";"Glosa-base cadastrada; revisão editorial pendente";"Única/não indicada";"marcador de extração";"271";"66"
"A|PÁSCOA E TEMPO PASCAL|Ascensão do Senhor|salmo|Sl 47";"PÁSCOA E TEMPO PASCAL";"Ascensão do Senhor";"salmo";"Sl 47";"Sim";"Sim";"Não";"Sim";"Não";"Refrão contextual revisado; estrofes pendentes";"Única/não indicada";"estrofes não alinhadas semanticamente";"102";"23"
"A|PÁSCOA E TEMPO PASCAL|Ascensão do Senhor|segunda-leitura|Ef 1,17-23";"PÁSCOA E TEMPO PASCAL";"Ascensão do Senhor";"segunda-leitura";"Ef 1,17-23";"Sim";"Sim";"Não";"Não";"Não";"Glosa-base cadastrada; revisão editorial pendente";"Única/não indicada";"";"167";"59"
"A|PÁSCOA E TEMPO PASCAL|Ascensão do Senhor|evangelho|Mt 28,16-20";"PÁSCOA E TEMPO PASCAL";"Ascensão do Senhor";"evangelho";"Mt 28,16-20";"Sim";"Sim";"Não";"Não";"Não";"Glosa-base cadastrada; revisão editorial pendente";"Única/não indicada";"";"101";"56"
"A|PÁSCOA E TEMPO PASCAL|Pentecostes|primeira-leitura|At 2,1-11";"PÁSCOA E TEMPO PASCAL";"Pentecostes";"primeira-leitura";"At 2,1-11";"Sim";"Sim";"Não";"Não";"Não";"Glosa-base cadastrada; revisão editorial pendente";"Única/não indicada";"";"214";"62"
"A|PÁSCOA E TEMPO PASCAL|Pentecostes|salmo|Sl 104";"PÁSCOA E TEMPO PASCAL";"Pentecostes";"salmo";"Sl 104";"Sim";"Sim";"Não";"Sim";"Não";"Refrão contextual revisado; estrofes pendentes";"Única/não indicada";"estrofes não alinhadas semanticamente";"109";"28"
"A|PÁSCOA E TEMPO PASCAL|Pentecostes|segunda-leitura|1Cor 12,3-7.12-13";"PÁSCOA E TEMPO PASCAL";"Pentecostes";"segunda-leitura";"1Cor 12,3-7.12-13";"Sim";"Sim";"Não";"Não";"Não";"Glosa-base cadastrada; revisão editorial pendente";"Única/não indicada";"glosa-base condensada; comparar omissões";"284";"50"
"A|PÁSCOA E TEMPO PASCAL|Pentecostes|evangelho|Jo 20,19-23";"PÁSCOA E TEMPO PASCAL";"Pentecostes";"evangelho";"Jo 20,19-23";"Sim";"Sim";"Não";"Não";"Não";"Glosa-base cadastrada; revisão editorial pendente";"Única/não indicada";"";"133";"43"
"A|SOLENIDADES DOMINICAIS DO TEMPO COMUM|Santíssima Trindade|primeira-leitura|Ex 34,4-6.8-9";"SOLENIDADES DOMINICAIS DO TEMPO COMUM";"Santíssima Trindade";"primeira-leitura";"Ex 34,4-6.8-9";"Sim";"Sim";"Não";"Não";"Não";"Glosa-base cadastrada; revisão editorial pendente";"Única/não indicada";"";"147";"57"
"A|SOLENIDADES DOMINICAIS DO TEMPO COMUM|Santíssima Trindade|salmo|Dn 3";"SOLENIDADES DOMINICAIS DO TEMPO COMUM";"Santíssima Trindade";"salmo";"Dn 3";"Sim";"Sim";"Não";"Sim";"Não";"Refrão contextual revisado; estrofes pendentes";"Única/não indicada";"estrofes não alinhadas semanticamente";"123";"22"
"A|SOLENIDADES DOMINICAIS DO TEMPO COMUM|Santíssima Trindade|segunda-leitura|2Cor 13,11-13";"SOLENIDADES DOMINICAIS DO TEMPO COMUM";"Santíssima Trindade";"segunda-leitura";"2Cor 13,11-13";"Sim";"Sim";"Não";"Não";"Não";"Glosa-base cadastrada; revisão editorial pendente";"Única/não indicada";"";"95";"39"
"A|SOLENIDADES DOMINICAIS DO TEMPO COMUM|Santíssima Trindade|evangelho|Jo 3,16-18";"SOLENIDADES DOMINICAIS DO TEMPO COMUM";"Santíssima Trindade";"evangelho";"Jo 3,16-18";"Sim";"Sim";"Não";"Não";"Não";"Glosa-base cadastrada; revisão editorial pendente";"Única/não indicada";"";"104";"42"
