"Chave contextual";"Tempo litúrgico";"Celebração";"Tipo";"Referência";"Status editorial";"Original existe";"Original integral disponível";"Glosa-base existe";"Roteiro ampliado";"Refrão e estrofes contextualizados";"Refrão específico sem estrofes";"Formas ou leituras alternativas";"Palavras do original";"Palavras da glosa atual";"Alertas"
"B|ADVENTO|1º Domingo|primeira-leitura|Is 63,16-17.19; 64,2-7";"ADVENTO";"1º Domingo";"primeira-leitura";"Is 63,16-17.19; 64,2-7";"Roteiro editorial ampliado (validação Libras pendente)";"Sim";"Sim";"Sim";"Sim";"Não";"Não";"Não";"220";"208";""
"B|ADVENTO|1º Domingo|salmo|Sl 80";"ADVENTO";"1º Domingo";"salmo";"Sl 80";"Refrão e estrofes contextualizados (validação Libras pendente)";"Sim";"Sim";"Sim";"Não";"Sim";"Não";"Não";"105";"143";""
"B|ADVENTO|1º Domingo|segunda-leitura|1Cor 1,3-9";"ADVENTO";"1º Domingo";"segunda-leitura";"1Cor 1,3-9";"Roteiro editorial ampliado (validação Libras pendente)";"Sim";"Sim";"Sim";"Sim";"Não";"Não";"Não";"148";"109";""
"B|ADVENTO|1º Domingo|evangelho|Mc 13,33-37";"ADVENTO";"1º Domingo";"evangelho";"Mc 13,33-37";"Roteiro editorial ampliado (validação Libras pendente)";"Sim";"Sim";"Sim";"Sim";"Não";"Não";"Não";"124";"105";""
"B|ADVENTO|2º Domingo|primeira-leitura|Is 40,1-5.9-11";"ADVENTO";"2º Domingo";"primeira-leitura";"Is 40,1-5.9-11";"Roteiro editorial ampliado (validação Libras pendente)";"Sim";"Sim";"Sim";"Sim";"Não";"Não";"Não";"197";"162";""
"B|ADVENTO|2º Domingo|salmo|Sl 85";"ADVENTO";"2º Domingo";"salmo";"Sl 85";"Refrão e estrofes contextualizados (validação Libras pendente)";"Sim";"Sim";"Sim";"Não";"Sim";"Não";"Não";"111";"82";""
"B|ADVENTO|2º Domingo|segunda-leitura|2Pd 3,8-14";"ADVENTO";"2º Domingo";"segunda-leitura";"2Pd 3,8-14";"Roteiro editorial ampliado (validação Libras pendente)";"Sim";"Sim";"Sim";"Sim";"Não";"Não";"Não";"196";"149";""
"B|ADVENTO|2º Domingo|evangelho|Mc 1,1-8";"ADVENTO";"2º Domingo";"evangelho";"Mc 1,1-8";"Roteiro editorial ampliado (validação Libras pendente)";"Sim";"Sim";"Sim";"Sim";"Não";"Não";"Não";"172";"125";""
"B|ADVENTO|3º Domingo|primeira-leitura|Is 61,1-2.10-11";"ADVENTO";"3º Domingo";"primeira-leitura";"Is 61,1-2.10-11";"Roteiro editorial ampliado (validação Libras pendente)";"Sim";"Sim";"Sim";"Sim";"Não";"Não";"Não";"139";"120";""
"B|ADVENTO|3º Domingo|salmo|Lc 1,46-54";"ADVENTO";"3º Domingo";"salmo";"Lc 1,46-54";"Refrão e estrofes contextualizados (validação Libras pendente)";"Sim";"Sim";"Sim";"Não";"Sim";"Não";"Não";"103";"97";""
"B|ADVENTO|3º Domingo|segunda-leitura|1Ts 5,16-24";"ADVENTO";"3º Domingo";"segunda-leitura";"1Ts 5,16-24";"Roteiro editorial ampliado (validação Libras pendente)";"Sim";"Sim";"Sim";"Sim";"Não";"Não";"Não";"127";"88";"Ruído de paginação ou extração"
"B|ADVENTO|3º Domingo|evangelho|Jo 1,6-8.19-28";"ADVENTO";"3º Domingo";"evangelho";"Jo 1,6-8.19-28";"Roteiro editorial ampliado (validação Libras pendente)";"Sim";"Sim";"Sim";"Sim";"Não";"Não";"Não";"225";"166";""
"B|ADVENTO|4º Domingo|primeira-leitura|2Sm 7,1-5.8-11.16";"ADVENTO";"4º Domingo";"primeira-leitura";"2Sm 7,1-5.8-11.16";"Roteiro editorial ampliado (validação Libras pendente)";"Sim";"Sim";"Sim";"Sim";"Não";"Não";"Não";"279";"193";""
"B|ADVENTO|4º Domingo|salmo|Sl 89";"ADVENTO";"4º Domingo";"salmo";"Sl 89";"Refrão e estrofes contextualizados (validação Libras pendente)";"Sim";"Sim";"Sim";"Não";"Sim";"Não";"Não";"105";"85";""
"B|ADVENTO|4º Domingo|segunda-leitura|Rm 16,25-27";"ADVENTO";"4º Domingo";"segunda-leitura";"Rm 16,25-27";"Roteiro editorial ampliado (validação Libras pendente)";"Sim";"Sim";"Sim";"Sim";"Não";"Não";"Não";"100";"74";"Ruído de paginação ou extração"
"B|ADVENTO|4º Domingo|evangelho|Lc 1,26-38";"ADVENTO";"4º Domingo";"evangelho";"Lc 1,26-38";"Roteiro editorial ampliado (validação Libras pendente)";"Sim";"Sim";"Sim";"Sim";"Não";"Não";"Não";"235";"187";""
"B|CICLO DO NATAL — CELEBRAÇÕES DE REPERTÓRIO|Natal — Vigília|primeira-leitura|Is 62,1-5";"CICLO DO NATAL — CELEBRAÇÕES DE REPERTÓRIO";"Natal — Vigília";"primeira-leitura";"Is 62,1-5";"Roteiro editorial ampliado (validação Libras pendente)";"Sim";"Sim";"Sim";"Sim";"Não";"Não";"Não";"150";"123";""
"B|CICLO DO NATAL — CELEBRAÇÕES DE REPERTÓRIO|Natal — Vigília|salmo|Sl 89";"CICLO DO NATAL — CELEBRAÇÕES DE REPERTÓRIO";"Natal — Vigília";"salmo";"Sl 89";"Refrão e estrofes contextualizados (validação Libras pendente)";"Sim";"Sim";"Sim";"Não";"Sim";"Não";"Não";"98";"85";""
"B|CICLO DO NATAL — CELEBRAÇÕES DE REPERTÓRIO|Natal — Vigília|segunda-leitura|At 13,16-17.22-25";"CICLO DO NATAL — CELEBRAÇÕES DE REPERTÓRIO";"Natal — Vigília";"segunda-leitura";"At 13,16-17.22-25";"Roteiro editorial ampliado (validação Libras pendente)";"Sim";"Sim";"Sim";"Sim";"Não";"Não";"Não";"178";"125";""
"B|CICLO DO NATAL — CELEBRAÇÕES DE REPERTÓRIO|Natal — Vigília|evangelho|Mt 1,1-25";"CICLO DO NATAL — CELEBRAÇÕES DE REPERTÓRIO";"Natal — Vigília";"evangelho";"Mt 1,1-25";"Roteiro editorial ampliado (validação Libras pendente)";"Sim";"Sim";"Sim";"Sim";"Não";"Não";"Não";"372";"370";""
"B|CICLO DO NATAL — CELEBRAÇÕES DE REPERTÓRIO|Natal — Noite|primeira-leitura|Is 9,1-6";"CICLO DO NATAL — CELEBRAÇÕES DE REPERTÓRIO";"Natal — Noite";"primeira-leitura";"Is 9,1-6";"Roteiro editorial ampliado (validação Libras pendente)";"Sim";"Sim";"Sim";"Sim";"Não";"Não";"Não";"188";"132";""
"B|CICLO DO NATAL — CELEBRAÇÕES DE REPERTÓRIO|Natal — Noite|salmo|Sl 96";"CICLO DO NATAL — CELEBRAÇÕES DE REPERTÓRIO";"Natal — Noite";"salmo";"Sl 96";"Refrão e estrofes contextualizados (validação Libras pendente)";"Sim";"Sim";"Sim";"Não";"Sim";"Não";"Não";"106";"83";""
"B|CICLO DO NATAL — CELEBRAÇÕES DE REPERTÓRIO|Natal — Noite|segunda-leitura|Tt 2,11-14";"CICLO DO NATAL — CELEBRAÇÕES DE REPERTÓRIO";"Natal — Noite";"segunda-leitura";"Tt 2,11-14";"Roteiro editorial ampliado (validação Libras pendente)";"Sim";"Sim";"Sim";"Sim";"Não";"Não";"Não";"101";"84";""
"B|CICLO DO NATAL — CELEBRAÇÕES DE REPERTÓRIO|Natal — Noite|evangelho|Lc 2,1-14";"CICLO DO NATAL — CELEBRAÇÕES DE REPERTÓRIO";"Natal — Noite";"evangelho";"Lc 2,1-14";"Roteiro editorial ampliado (validação Libras pendente)";"Sim";"Sim";"Sim";"Sim";"Não";"Não";"Não";"232";"176";""
"B|CICLO DO NATAL — CELEBRAÇÕES DE REPERTÓRIO|Natal — Aurora|primeira-leitura|Is 62,11-12";"CICLO DO NATAL — CELEBRAÇÕES DE REPERTÓRIO";"Natal — Aurora";"primeira-leitura";"Is 62,11-12";"Roteiro editorial ampliado (validação Libras pendente)";"Sim";"Sim";"Sim";"Sim";"Não";"Não";"Não";"67";"52";""
"B|CICLO DO NATAL — CELEBRAÇÕES DE REPERTÓRIO|Natal — Aurora|salmo|Sl 97";"CICLO DO NATAL — CELEBRAÇÕES DE REPERTÓRIO";"Natal — Aurora";"salmo";"Sl 97";"Refrão e estrofes contextualizados (validação Libras pendente)";"Sim";"Sim";"Sim";"Não";"Sim";"Não";"Não";"68";"23";""
"B|CICLO DO NATAL — CELEBRAÇÕES DE REPERTÓRIO|Natal — Aurora|segunda-leitura|Tt 3,4-7";"CICLO DO NATAL — CELEBRAÇÕES DE REPERTÓRIO";"Natal — Aurora";"segunda-leitura";"Tt 3,4-7";"Roteiro editorial ampliado (validação Libras pendente)";"Sim";"Sim";"Sim";"Sim";"Não";"Não";"Não";"88";"80";""
"B|CICLO DO NATAL — CELEBRAÇÕES DE REPERTÓRIO|Natal — Aurora|evangelho|Lc 2,15-20";"CICLO DO NATAL — CELEBRAÇÕES DE REPERTÓRIO";"Natal — Aurora";"evangelho";"Lc 2,15-20";"Roteiro editorial ampliado (validação Libras pendente)";"Sim";"Sim";"Sim";"Sim";"Não";"Não";"Não";"130";"97";""
"B|CICLO DO NATAL — CELEBRAÇÕES DE REPERTÓRIO|Natal — Dia|primeira-leitura|Is 52,7-10";"CICLO DO NATAL — CELEBRAÇÕES DE REPERTÓRIO";"Natal — Dia";"primeira-leitura";"Is 52,7-10";"Roteiro editorial ampliado (validação Libras pendente)";"Sim";"Sim";"Sim";"Sim";"Não";"Não";"Não";"127";"94";""
"B|CICLO DO NATAL — CELEBRAÇÕES DE REPERTÓRIO|Natal — Dia|salmo|Sl 98";"CICLO DO NATAL — CELEBRAÇÕES DE REPERTÓRIO";"Natal — Dia";"salmo";"Sl 98";"Refrão e estrofes contextualizados (validação Libras pendente)";"Sim";"Sim";"Sim";"Não";"Sim";"Não";"Não";"117";"22";""
"B|CICLO DO NATAL — CELEBRAÇÕES DE REPERTÓRIO|Natal — Dia|segunda-leitura|Hb 1,1-6";"CICLO DO NATAL — CELEBRAÇÕES DE REPERTÓRIO";"Natal — Dia";"segunda-leitura";"Hb 1,1-6";"Roteiro editorial ampliado (validação Libras pendente)";"Sim";"Sim";"Sim";"Sim";"Não";"Não";"Não";"162";"138";""
"B|CICLO DO NATAL — CELEBRAÇÕES DE REPERTÓRIO|Natal — Dia|evangelho|Jo 1,1-18";"CICLO DO NATAL — CELEBRAÇÕES DE REPERTÓRIO";"Natal — Dia";"evangelho";"Jo 1,1-18";"Roteiro editorial ampliado (validação Libras pendente)";"Sim";"Sim";"Sim";"Sim";"Não";"Não";"Não";"307";"253";""
"B|CICLO DO NATAL — CELEBRAÇÕES DE REPERTÓRIO|Sagrada Família|primeira-leitura|Gn 15,1-6; 21,1-3";"CICLO DO NATAL — CELEBRAÇÕES DE REPERTÓRIO";"Sagrada Família";"primeira-leitura";"Gn 15,1-6; 21,1-3";"Roteiro editorial ampliado (validação Libras pendente)";"Sim";"Sim";"Sim";"Sim";"Não";"Não";"Não";"208";"139";""
"B|CICLO DO NATAL — CELEBRAÇÕES DE REPERTÓRIO|Sagrada Família|salmo|Sl 105";"CICLO DO NATAL — CELEBRAÇÕES DE REPERTÓRIO";"Sagrada Família";"salmo";"Sl 105";"Refrão e estrofes contextualizados (validação Libras pendente)";"Sim";"Sim";"Sim";"Não";"Sim";"Não";"Não";"115";"84";""
"B|CICLO DO NATAL — CELEBRAÇÕES DE REPERTÓRIO|Sagrada Família|segunda-leitura|Hb 11,8.11-12.17-19";"CICLO DO NATAL — CELEBRAÇÕES DE REPERTÓRIO";"Sagrada Família";"segunda-leitura";"Hb 11,8.11-12.17-19";"Roteiro editorial ampliado (validação Libras pendente)";"Sim";"Sim";"Sim";"Sim";"Não";"Não";"Não";"157";"114";"Ruído de paginação ou extração"
"B|CICLO DO NATAL — CELEBRAÇÕES DE REPERTÓRIO|Sagrada Família|evangelho|Lc 2,22-40";"CICLO DO NATAL — CELEBRAÇÕES DE REPERTÓRIO";"Sagrada Família";"evangelho";"Lc 2,22-40";"Bloqueada por fonte incompleta";"Sim";"Não";"Sim";"Não";"Não";"Não";"Não";"53";"218";"Texto original contém somente remissão editorial; falta leitura integral"
"B|CICLO DO NATAL — CELEBRAÇÕES DE REPERTÓRIO|Santa Maria, Mãe de Deus|primeira-leitura|Nm 6,22-27";"CICLO DO NATAL — CELEBRAÇÕES DE REPERTÓRIO";"Santa Maria, Mãe de Deus";"primeira-leitura";"Nm 6,22-27";"Roteiro editorial ampliado (validação Libras pendente)";"Sim";"Sim";"Sim";"Sim";"Não";"Não";"Não";"94";"73";""
"B|CICLO DO NATAL — CELEBRAÇÕES DE REPERTÓRIO|Santa Maria, Mãe de Deus|salmo|Sl 67";"CICLO DO NATAL — CELEBRAÇÕES DE REPERTÓRIO";"Santa Maria, Mãe de Deus";"salmo";"Sl 67";"Refrão e estrofes contextualizados (validação Libras pendente)";"Sim";"Sim";"Sim";"Não";"Sim";"Não";"Não";"99";"24";""
"B|CICLO DO NATAL — CELEBRAÇÕES DE REPERTÓRIO|Santa Maria, Mãe de Deus|segunda-leitura|Gl 4,4-7";"CICLO DO NATAL — CELEBRAÇÕES DE REPERTÓRIO";"Santa Maria, Mãe de Deus";"segunda-leitura";"Gl 4,4-7";"Roteiro editorial ampliado (validação Libras pendente)";"Sim";"Sim";"Sim";"Sim";"Não";"Não";"Não";"101";"84";""
"B|CICLO DO NATAL — CELEBRAÇÕES DE REPERTÓRIO|Santa Maria, Mãe de Deus|evangelho|Lc 2,16-21";"CICLO DO NATAL — CELEBRAÇÕES DE REPERTÓRIO";"Santa Maria, Mãe de Deus";"evangelho";"Lc 2,16-21";"Roteiro editorial ampliado (validação Libras pendente)";"Sim";"Sim";"Sim";"Sim";"Não";"Não";"Não";"133";"90";""
"B|CICLO DO NATAL — CELEBRAÇÕES DE REPERTÓRIO|Epifania do Senhor|primeira-leitura|Is 60,1-6";"CICLO DO NATAL — CELEBRAÇÕES DE REPERTÓRIO";"Epifania do Senhor";"primeira-leitura";"Is 60,1-6";"Roteiro editorial ampliado (validação Libras pendente)";"Sim";"Sim";"Sim";"Sim";"Não";"Não";"Não";"156";"119";""
"B|CICLO DO NATAL — CELEBRAÇÕES DE REPERTÓRIO|Epifania do Senhor|salmo|Sl 72";"CICLO DO NATAL — CELEBRAÇÕES DE REPERTÓRIO";"Epifania do Senhor";"salmo";"Sl 72";"Refrão e estrofes contextualizados (validação Libras pendente)";"Sim";"Sim";"Sim";"Não";"Sim";"Não";"Não";"136";"20";""
"B|CICLO DO NATAL — CELEBRAÇÕES DE REPERTÓRIO|Epifania do Senhor|segunda-leitura|Ef 3,2-3.5-6";"CICLO DO NATAL — CELEBRAÇÕES DE REPERTÓRIO";"Epifania do Senhor";"segunda-leitura";"Ef 3,2-3.5-6";"Roteiro editorial ampliado (validação Libras pendente)";"Sim";"Sim";"Sim";"Sim";"Não";"Não";"Não";"100";"88";""
"B|CICLO DO NATAL — CELEBRAÇÕES DE REPERTÓRIO|Epifania do Senhor|evangelho|Mt 2,1-12";"CICLO DO NATAL — CELEBRAÇÕES DE REPERTÓRIO";"Epifania do Senhor";"evangelho";"Mt 2,1-12";"Roteiro editorial ampliado (validação Libras pendente)";"Sim";"Sim";"Sim";"Sim";"Não";"Não";"Não";"270";"184";"Ruído de paginação ou extração"
"B|CICLO DO NATAL — CELEBRAÇÕES DE REPERTÓRIO|Batismo do Senhor|primeira-leitura|Is 42,1-4.6-7";"CICLO DO NATAL — CELEBRAÇÕES DE REPERTÓRIO";"Batismo do Senhor";"primeira-leitura";"Is 42,1-4.6-7";"Roteiro editorial ampliado (validação Libras pendente)";"Sim";"Sim";"Sim";"Sim";"Não";"Não";"Não";"145";"135";""
"B|CICLO DO NATAL — CELEBRAÇÕES DE REPERTÓRIO|Batismo do Senhor|salmo|Sl 29";"CICLO DO NATAL — CELEBRAÇÕES DE REPERTÓRIO";"Batismo do Senhor";"salmo";"Sl 29";"Refrão e estrofes contextualizados (validação Libras pendente)";"Sim";"Sim";"Sim";"Não";"Sim";"Não";"Não";"101";"24";""
"B|CICLO DO NATAL — CELEBRAÇÕES DE REPERTÓRIO|Batismo do Senhor|segunda-leitura|At 10,34-38";"CICLO DO NATAL — CELEBRAÇÕES DE REPERTÓRIO";"Batismo do Senhor";"segunda-leitura";"At 10,34-38";"Roteiro editorial ampliado (validação Libras pendente)";"Sim";"Sim";"Sim";"Sim";"Não";"Não";"Não";"123";"102";""
"B|CICLO DO NATAL — CELEBRAÇÕES DE REPERTÓRIO|Batismo do Senhor|evangelho|Mc 1,7-11";"CICLO DO NATAL — CELEBRAÇÕES DE REPERTÓRIO";"Batismo do Senhor";"evangelho";"Mc 1,7-11";"Roteiro editorial ampliado (validação Libras pendente)";"Sim";"Sim";"Sim";"Sim";"Não";"Não";"Não";"131";"117";""
"B|TEMPO COMUM — ANO B|2º Domingo|primeira-leitura|1Sm 3,3-10.19";"TEMPO COMUM — ANO B";"2º Domingo";"primeira-leitura";"1Sm 3,3-10.19";"Glosa-base presente; revisão editorial pendente";"Sim";"Sim";"Sim";"Não";"Não";"Não";"Não";"217";"59";""
"B|TEMPO COMUM — ANO B|2º Domingo|salmo|Sl 40";"TEMPO COMUM — ANO B";"2º Domingo";"salmo";"Sl 40";"Refrão específico; estrofes pendentes";"Sim";"Sim";"Sim";"Não";"Não";"Sim";"Não";"115";"28";"Glosa de estrofes não alinhada semanticamente"
"B|TEMPO COMUM — ANO B|2º Domingo|segunda-leitura|1Cor 6,13-15.17-20";"TEMPO COMUM — ANO B";"2º Domingo";"segunda-leitura";"1Cor 6,13-15.17-20";"Glosa-base presente; revisão editorial pendente";"Sim";"Sim";"Sim";"Não";"Não";"Não";"Não";"144";"59";""
"B|TEMPO COMUM — ANO B|2º Domingo|evangelho|Jo 1,35-42";"TEMPO COMUM — ANO B";"2º Domingo";"evangelho";"Jo 1,35-42";"Roteiro editorial ampliado (validação Libras pendente)";"Sim";"Sim";"Sim";"Sim";"Não";"Não";"Não";"156";"115";"Ruído de paginação ou extração"
"B|TEMPO COMUM — ANO B|3º Domingo|primeira-leitura|Jn 3,1-5.10";"TEMPO COMUM — ANO B";"3º Domingo";"primeira-leitura";"Jn 3,1-5.10";"Glosa-base presente; revisão editorial pendente";"Sim";"Sim";"Sim";"Não";"Não";"Não";"Não";"140";"57";""
"B|TEMPO COMUM — ANO B|3º Domingo|salmo|Sl 25";"TEMPO COMUM — ANO B";"3º Domingo";"salmo";"Sl 25";"Refrão específico; estrofes pendentes";"Sim";"Sim";"Sim";"Não";"Não";"Sim";"Não";"83";"21";"Glosa de estrofes não alinhada semanticamente"
"B|TEMPO COMUM — ANO B|3º Domingo|segunda-leitura|1Cor 7,29-31";"TEMPO COMUM — ANO B";"3º Domingo";"segunda-leitura";"1Cor 7,29-31";"Glosa-base presente; revisão editorial pendente";"Sim";"Sim";"Sim";"Não";"Não";"Não";"Não";"89";"25";""
"B|TEMPO COMUM — ANO B|3º Domingo|evangelho|Mc 1,14-20";"TEMPO COMUM — ANO B";"3º Domingo";"evangelho";"Mc 1,14-20";"Roteiro editorial ampliado (validação Libras pendente)";"Sim";"Sim";"Sim";"Sim";"Não";"Não";"Não";"133";"111";""
"B|TEMPO COMUM — ANO B|4º Domingo|primeira-leitura|Dt 18,15-20";"TEMPO COMUM — ANO B";"4º Domingo";"primeira-leitura";"Dt 18,15-20";"Glosa-base presente; revisão editorial pendente";"Sim";"Sim";"Sim";"Não";"Não";"Não";"Não";"168";"61";""
"B|TEMPO COMUM — ANO B|4º Domingo|salmo|Sl 95";"TEMPO COMUM — ANO B";"4º Domingo";"salmo";"Sl 95";"Refrão específico; estrofes pendentes";"Sim";"Sim";"Sim";"Não";"Não";"Sim";"Não";"109";"32";"Glosa de estrofes não alinhada semanticamente"
"B|TEMPO COMUM — ANO B|4º Domingo|segunda-leitura|1Cor 7,32-35";"TEMPO COMUM — ANO B";"4º Domingo";"segunda-leitura";"1Cor 7,32-35";"Glosa-base presente; revisão editorial pendente";"Sim";"Sim";"Sim";"Não";"Não";"Não";"Não";"141";"40";""
"B|TEMPO COMUM — ANO B|4º Domingo|evangelho|Mc 1,21-28";"TEMPO COMUM — ANO B";"4º Domingo";"evangelho";"Mc 1,21-28";"Roteiro editorial ampliado (validação Libras pendente)";"Sim";"Sim";"Sim";"Sim";"Não";"Não";"Não";"155";"115";""
"B|TEMPO COMUM — ANO B|5º Domingo|primeira-leitura|Jó 7,1-4.6-7";"TEMPO COMUM — ANO B";"5º Domingo";"primeira-leitura";"Jó 7,1-4.6-7";"Glosa-base presente; revisão editorial pendente";"Sim";"Sim";"Sim";"Não";"Não";"Não";"Não";"131";"55";"Ruído de paginação ou extração"
"B|TEMPO COMUM — ANO B|5º Domingo|salmo|Sl 147";"TEMPO COMUM — ANO B";"5º Domingo";"salmo";"Sl 147";"Refrão específico; estrofes pendentes";"Sim";"Sim";"Sim";"Não";"Não";"Sim";"Não";"93";"19";"Glosa de estrofes não alinhada semanticamente"
"B|TEMPO COMUM — ANO B|5º Domingo|segunda-leitura|1Cor 9,16-19.22-23";"TEMPO COMUM — ANO B";"5º Domingo";"segunda-leitura";"1Cor 9,16-19.22-23";"Glosa-base presente; revisão editorial pendente";"Sim";"Sim";"Sim";"Não";"Não";"Não";"Não";"156";"52";""
"B|TEMPO COMUM — ANO B|5º Domingo|evangelho|Mc 1,29-39";"TEMPO COMUM — ANO B";"5º Domingo";"evangelho";"Mc 1,29-39";"Roteiro editorial ampliado (validação Libras pendente)";"Sim";"Sim";"Sim";"Sim";"Não";"Não";"Não";"188";"136";""
"B|TEMPO COMUM — ANO B|6º Domingo|primeira-leitura|Lv 13,1-2.44-46";"TEMPO COMUM — ANO B";"6º Domingo";"primeira-leitura";"Lv 13,1-2.44-46";"Glosa-base presente; revisão editorial pendente";"Sim";"Sim";"Sim";"Não";"Não";"Não";"Não";"108";"46";""
"B|TEMPO COMUM — ANO B|6º Domingo|salmo|Sl 32";"TEMPO COMUM — ANO B";"6º Domingo";"salmo";"Sl 32";"Refrão específico; estrofes pendentes";"Sim";"Sim";"Sim";"Não";"Não";"Sim";"Não";"109";"20";"Glosa de estrofes não alinhada semanticamente"
"B|TEMPO COMUM — ANO B|6º Domingo|segunda-leitura|1Cor 10,31–11,1";"TEMPO COMUM — ANO B";"6º Domingo";"segunda-leitura";"1Cor 10,31–11,1";"Glosa-base presente; revisão editorial pendente";"Sim";"Sim";"Sim";"Não";"Não";"Não";"Não";"99";"33";"Ruído de paginação ou extração"
"B|TEMPO COMUM — ANO B|6º Domingo|evangelho|Mc 1,40-45";"TEMPO COMUM — ANO B";"6º Domingo";"evangelho";"Mc 1,40-45";"Roteiro editorial ampliado (validação Libras pendente)";"Sim";"Sim";"Sim";"Sim";"Não";"Não";"Não";"132";"109";""
"B|TEMPO COMUM — ANO B|7º Domingo|primeira-leitura|Is 43,18-19.21-22.24-25";"TEMPO COMUM — ANO B";"7º Domingo";"primeira-leitura";"Is 43,18-19.21-22.24-25";"Glosa-base presente; revisão editorial pendente";"Sim";"Sim";"Sim";"Não";"Não";"Não";"Não";"122";"52";""
"B|TEMPO COMUM — ANO B|7º Domingo|salmo|Sl 41";"TEMPO COMUM — ANO B";"7º Domingo";"salmo";"Sl 41";"Refrão específico; estrofes pendentes";"Sim";"Sim";"Sim";"Não";"Não";"Sim";"Não";"112";"22";"Glosa de estrofes não alinhada semanticamente"
"B|TEMPO COMUM — ANO B|7º Domingo|segunda-leitura|2Cor 1,18-22";"TEMPO COMUM — ANO B";"7º Domingo";"segunda-leitura";"2Cor 1,18-22";"Glosa-base presente; revisão editorial pendente";"Sim";"Sim";"Sim";"Não";"Não";"Não";"Não";"132";"56";"Ruído de paginação ou extração"
"B|TEMPO COMUM — ANO B|7º Domingo|evangelho|Mc 2,1-12";"TEMPO COMUM — ANO B";"7º Domingo";"evangelho";"Mc 2,1-12";"Roteiro editorial ampliado (validação Libras pendente)";"Sim";"Sim";"Sim";"Sim";"Não";"Não";"Não";"250";"159";"Ruído de paginação ou extração"
"B|TEMPO COMUM — ANO B|8º Domingo|primeira-leitura|Os 2,16-17.21-22";"TEMPO COMUM — ANO B";"8º Domingo";"primeira-leitura";"Os 2,16-17.21-22";"Glosa-base presente; revisão editorial pendente";"Sim";"Sim";"Sim";"Não";"Não";"Não";"Não";"71";"43";""
"B|TEMPO COMUM — ANO B|8º Domingo|salmo|Sl 103";"TEMPO COMUM — ANO B";"8º Domingo";"salmo";"Sl 103";"Refrão específico; estrofes pendentes";"Sim";"Sim";"Sim";"Não";"Não";"Sim";"Não";"133";"31";"Glosa de estrofes não alinhada semanticamente"
"B|TEMPO COMUM — ANO B|8º Domingo|segunda-leitura|2Cor 3,1-6";"TEMPO COMUM — ANO B";"8º Domingo";"segunda-leitura";"2Cor 3,1-6";"Glosa-base presente; revisão editorial pendente";"Sim";"Sim";"Sim";"Não";"Não";"Não";"Não";"161";"56";""
"B|TEMPO COMUM — ANO B|8º Domingo|evangelho|Mc 2,18-22";"TEMPO COMUM — ANO B";"8º Domingo";"evangelho";"Mc 2,18-22";"Roteiro editorial ampliado (validação Libras pendente)";"Sim";"Sim";"Sim";"Sim";"Não";"Não";"Não";"141";"103";""
"B|TEMPO COMUM — ANO B|9º Domingo|primeira-leitura|Dt 5,12-15";"TEMPO COMUM — ANO B";"9º Domingo";"primeira-leitura";"Dt 5,12-15";"Glosa-base presente; revisão editorial pendente";"Sim";"Sim";"Sim";"Não";"Não";"Não";"Não";"154";"43";""
"B|TEMPO COMUM — ANO B|9º Domingo|salmo|Sl 81";"TEMPO COMUM — ANO B";"9º Domingo";"salmo";"Sl 81";"Refrão específico; estrofes pendentes";"Sim";"Sim";"Sim";"Não";"Não";"Sim";"Não";"121";"27";"Glosa de estrofes não alinhada semanticamente"
"B|TEMPO COMUM — ANO B|9º Domingo|segunda-leitura|2Cor 4,6-11";"TEMPO COMUM — ANO B";"9º Domingo";"segunda-leitura";"2Cor 4,6-11";"Glosa-base presente; revisão editorial pendente";"Sim";"Sim";"Sim";"Não";"Não";"Não";"Não";"166";"63";""
"B|TEMPO COMUM — ANO B|9º Domingo|evangelho|Mc 2,23–3,6";"TEMPO COMUM — ANO B";"9º Domingo";"evangelho";"Mc 2,23–3,6";"Roteiro editorial ampliado (validação Libras pendente)";"Sim";"Sim";"Sim";"Sim";"Não";"Não";"Não";"250";"174";"Ruído de paginação ou extração"
"B|TEMPO COMUM — ANO B|10º Domingo|primeira-leitura|Gn 3,9-15";"TEMPO COMUM — ANO B";"10º Domingo";"primeira-leitura";"Gn 3,9-15";"Glosa-base presente; revisão editorial pendente";"Sim";"Sim";"Sim";"Não";"Não";"Não";"Não";"175";"59";""
"B|TEMPO COMUM — ANO B|10º Domingo|salmo|Sl 130";"TEMPO COMUM — ANO B";"10º Domingo";"salmo";"Sl 130";"Refrão específico; estrofes pendentes";"Sim";"Sim";"Sim";"Não";"Não";"Sim";"Não";"118";"29";"Glosa de estrofes não alinhada semanticamente"
"B|TEMPO COMUM — ANO B|10º Domingo|segunda-leitura|2Cor 4,13–5,1";"TEMPO COMUM — ANO B";"10º Domingo";"segunda-leitura";"2Cor 4,13–5,1";"Glosa-base presente; revisão editorial pendente";"Sim";"Sim";"Sim";"Não";"Não";"Não";"Não";"192";"57";"Ruído de paginação ou extração"
"B|TEMPO COMUM — ANO B|10º Domingo|evangelho|Mc 3,20-35";"TEMPO COMUM — ANO B";"10º Domingo";"evangelho";"Mc 3,20-35";"Roteiro editorial ampliado (validação Libras pendente)";"Sim";"Sim";"Sim";"Sim";"Não";"Não";"Não";"281";"198";""
"B|TEMPO COMUM — ANO B|11º Domingo|primeira-leitura|Ez 17,22-24";"TEMPO COMUM — ANO B";"11º Domingo";"primeira-leitura";"Ez 17,22-24";"Glosa-base presente; revisão editorial pendente";"Sim";"Sim";"Sim";"Não";"Não";"Não";"Não";"121";"53";""
"B|TEMPO COMUM — ANO B|11º Domingo|salmo|Sl 92";"TEMPO COMUM — ANO B";"11º Domingo";"salmo";"Sl 92";"Refrão específico; estrofes pendentes";"Sim";"Sim";"Sim";"Não";"Não";"Sim";"Não";"92";"23";"Glosa de estrofes não alinhada semanticamente"
"B|TEMPO COMUM — ANO B|11º Domingo|segunda-leitura|2Cor 5,6-10";"TEMPO COMUM — ANO B";"11º Domingo";"segunda-leitura";"2Cor 5,6-10";"Glosa-base presente; revisão editorial pendente";"Sim";"Sim";"Sim";"Não";"Não";"Não";"Não";"125";"47";""
"B|TEMPO COMUM — ANO B|11º Domingo|evangelho|Mc 4,26-34";"TEMPO COMUM — ANO B";"11º Domingo";"evangelho";"Mc 4,26-34";"Roteiro editorial ampliado (validação Libras pendente)";"Sim";"Sim";"Sim";"Sim";"Não";"Não";"Não";"212";"127";""
"B|TEMPO COMUM — ANO B|12º Domingo|primeira-leitura|Jó 38,1.8-11";"TEMPO COMUM — ANO B";"12º Domingo";"primeira-leitura";"Jó 38,1.8-11";"Glosa-base presente; revisão editorial pendente";"Sim";"Sim";"Sim";"Não";"Não";"Não";"Não";"86";"44";""
"B|TEMPO COMUM — ANO B|12º Domingo|salmo|Sl 107";"TEMPO COMUM — ANO B";"12º Domingo";"salmo";"Sl 107";"Refrão específico; estrofes pendentes";"Sim";"Sim";"Sim";"Não";"Não";"Sim";"Não";"133";"22";"Glosa de estrofes não alinhada semanticamente"
"B|TEMPO COMUM — ANO B|12º Domingo|segunda-leitura|2Cor 5,14-17";"TEMPO COMUM — ANO B";"12º Domingo";"segunda-leitura";"2Cor 5,14-17";"Glosa-base presente; revisão editorial pendente";"Sim";"Sim";"Sim";"Não";"Não";"Não";"Não";"108";"55";""
"B|TEMPO COMUM — ANO B|12º Domingo|evangelho|Mc 4,35-41";"TEMPO COMUM — ANO B";"12º Domingo";"evangelho";"Mc 4,35-41";"Roteiro editorial ampliado (validação Libras pendente)";"Sim";"Sim";"Sim";"Sim";"Não";"Não";"Não";"159";"121";""
"B|TEMPO COMUM — ANO B|13º Domingo|primeira-leitura|Sb 1,13-15; 2,23-24";"TEMPO COMUM — ANO B";"13º Domingo";"primeira-leitura";"Sb 1,13-15; 2,23-24";"Glosa-base presente; revisão editorial pendente";"Sim";"Sim";"Sim";"Não";"Não";"Não";"Não";"113";"52";""
"B|TEMPO COMUM — ANO B|13º Domingo|salmo|Sl 30";"TEMPO COMUM — ANO B";"13º Domingo";"salmo";"Sl 30";"Refrão específico; estrofes pendentes";"Sim";"Sim";"Sim";"Não";"Não";"Sim";"Não";"116";"24";"Glosa de estrofes não alinhada semanticamente"
"B|TEMPO COMUM — ANO B|13º Domingo|segunda-leitura|2Cor 8,7.9.13-15";"TEMPO COMUM — ANO B";"13º Domingo";"segunda-leitura";"2Cor 8,7.9.13-15";"Glosa-base presente; revisão editorial pendente";"Sim";"Sim";"Sim";"Não";"Não";"Não";"Não";"147";"60";"Ruído de paginação ou extração"
"B|TEMPO COMUM — ANO B|13º Domingo|evangelho|Mc 5,21-43";"TEMPO COMUM — ANO B";"13º Domingo";"evangelho";"Mc 5,21-43";"Roteiro editorial ampliado (validação Libras pendente)";"Sim";"Sim";"Sim";"Sim";"Não";"Não";"Não";"428";"277";""
"B|TEMPO COMUM — ANO B|14º Domingo|primeira-leitura|Ez 2,2-5";"TEMPO COMUM — ANO B";"14º Domingo";"primeira-leitura";"Ez 2,2-5";"Glosa-base presente; revisão editorial pendente";"Sim";"Sim";"Sim";"Não";"Não";"Não";"Não";"115";"47";"Ruído de paginação ou extração"
"B|TEMPO COMUM — ANO B|14º Domingo|salmo|Sl 123";"TEMPO COMUM — ANO B";"14º Domingo";"salmo";"Sl 123";"Refrão específico; estrofes pendentes";"Sim";"Sim";"Sim";"Não";"Não";"Sim";"Não";"99";"21";"Glosa de estrofes não alinhada semanticamente"
"B|TEMPO COMUM — ANO B|14º Domingo|segunda-leitura|2Cor 12,7-10";"TEMPO COMUM — ANO B";"14º Domingo";"segunda-leitura";"2Cor 12,7-10";"Glosa-base presente; revisão editorial pendente";"Sim";"Sim";"Sim";"Não";"Não";"Não";"Não";"137";"47";"Ruído de paginação ou extração"
"B|TEMPO COMUM — ANO B|14º Domingo|evangelho|Mc 6,1-6";"TEMPO COMUM — ANO B";"14º Domingo";"evangelho";"Mc 6,1-6";"Roteiro editorial ampliado (validação Libras pendente)";"Sim";"Sim";"Sim";"Sim";"Não";"Não";"Não";"156";"112";""
"B|TEMPO COMUM — ANO B|15º Domingo|primeira-leitura|Am 7,12-15";"TEMPO COMUM — ANO B";"15º Domingo";"primeira-leitura";"Am 7,12-15";"Glosa-base presente; revisão editorial pendente";"Sim";"Sim";"Sim";"Não";"Não";"Não";"Não";"100";"52";""
"B|TEMPO COMUM — ANO B|15º Domingo|salmo|Sl 85";"TEMPO COMUM — ANO B";"15º Domingo";"salmo";"Sl 85";"Refrão específico; estrofes pendentes";"Sim";"Sim";"Sim";"Não";"Não";"Sim";"Não";"115";"82";"Glosa de estrofes não alinhada semanticamente"
"B|TEMPO COMUM — ANO B|15º Domingo|segunda-leitura|Ef 1,3-14";"TEMPO COMUM — ANO B";"15º Domingo";"segunda-leitura";"Ef 1,3-14";"Glosa-base presente; revisão editorial pendente";"Sim";"Sim";"Sim";"Não";"Não";"Não";"Sim";"287";"62";"Forma ou leitura alternativa: selecionar texto proclamado"
"B|TEMPO COMUM — ANO B|15º Domingo|evangelho|Mc 6,7-13";"TEMPO COMUM — ANO B";"15º Domingo";"evangelho";"Mc 6,7-13";"Roteiro editorial ampliado (validação Libras pendente)";"Sim";"Sim";"Sim";"Sim";"Não";"Não";"Não";"126";"92";""
"B|TEMPO COMUM — ANO B|16º Domingo|primeira-leitura|Jr 23,1-6";"TEMPO COMUM — ANO B";"16º Domingo";"primeira-leitura";"Jr 23,1-6";"Glosa-base presente; revisão editorial pendente";"Sim";"Sim";"Sim";"Não";"Não";"Não";"Não";"182";"62";"Ruído de paginação ou extração"
"B|TEMPO COMUM — ANO B|16º Domingo|salmo|Sl 23";"TEMPO COMUM — ANO B";"16º Domingo";"salmo";"Sl 23";"Refrão específico; estrofes pendentes";"Sim";"Sim";"Sim";"Não";"Não";"Sim";"Não";"122";"113";"Glosa de estrofes não alinhada semanticamente"
"B|TEMPO COMUM — ANO B|16º Domingo|segunda-leitura|Ef 2,13-18";"TEMPO COMUM — ANO B";"16º Domingo";"segunda-leitura";"Ef 2,13-18";"Glosa-base presente; revisão editorial pendente";"Sim";"Sim";"Sim";"Não";"Não";"Não";"Não";"164";"57";""
"B|TEMPO COMUM — ANO B|16º Domingo|evangelho|Mc 6,30-34";"TEMPO COMUM — ANO B";"16º Domingo";"evangelho";"Mc 6,30-34";"Roteiro editorial ampliado (validação Libras pendente)";"Sim";"Sim";"Sim";"Sim";"Não";"Não";"Não";"131";"92";""
"B|TEMPO COMUM — ANO B|17º Domingo|primeira-leitura|2Rs 4,42-44";"TEMPO COMUM — ANO B";"17º Domingo";"primeira-leitura";"2Rs 4,42-44";"Glosa-base presente; revisão editorial pendente";"Sim";"Sim";"Sim";"Não";"Não";"Não";"Não";"107";"37";""
"B|TEMPO COMUM — ANO B|17º Domingo|salmo|Sl 145";"TEMPO COMUM — ANO B";"17º Domingo";"salmo";"Sl 145";"Refrão específico; estrofes pendentes";"Sim";"Sim";"Sim";"Não";"Não";"Sim";"Não";"97";"26";"Glosa de estrofes não alinhada semanticamente"
"B|TEMPO COMUM — ANO B|17º Domingo|segunda-leitura|Ef 4,1-6";"TEMPO COMUM — ANO B";"17º Domingo";"segunda-leitura";"Ef 4,1-6";"Glosa-base presente; revisão editorial pendente";"Sim";"Sim";"Sim";"Não";"Não";"Não";"Não";"124";"53";""
"B|TEMPO COMUM — ANO B|17º Domingo|evangelho|Jo 6,1-15";"TEMPO COMUM — ANO B";"17º Domingo";"evangelho";"Jo 6,1-15";"Roteiro editorial ampliado (validação Libras pendente)";"Sim";"Sim";"Sim";"Sim";"Não";"Não";"Não";"271";"206";""
"B|TEMPO COMUM — ANO B|18º Domingo|primeira-leitura|Ex 16,2-4.12-15";"TEMPO COMUM — ANO B";"18º Domingo";"primeira-leitura";"Ex 16,2-4.12-15";"Glosa-base presente; revisão editorial pendente";"Sim";"Sim";"Sim";"Não";"Não";"Não";"Não";"233";"66";""
"B|TEMPO COMUM — ANO B|18º Domingo|salmo|Sl 78";"TEMPO COMUM — ANO B";"18º Domingo";"salmo";"Sl 78";"Refrão específico; estrofes pendentes";"Sim";"Sim";"Sim";"Não";"Não";"Sim";"Não";"88";"24";"Glosa de estrofes não alinhada semanticamente"
"B|TEMPO COMUM — ANO B|18º Domingo|segunda-leitura|Ef 4,17.20-24";"TEMPO COMUM — ANO B";"18º Domingo";"segunda-leitura";"Ef 4,17.20-24";"Glosa-base presente; revisão editorial pendente";"Sim";"Sim";"Sim";"Não";"Não";"Não";"Não";"119";"35";""
"B|TEMPO COMUM — ANO B|18º Domingo|evangelho|Jo 6,24-35";"TEMPO COMUM — ANO B";"18º Domingo";"evangelho";"Jo 6,24-35";"Roteiro editorial ampliado (validação Libras pendente)";"Sim";"Sim";"Sim";"Sim";"Não";"Não";"Não";"275";"212";""
"B|TEMPO COMUM — ANO B|19º Domingo|primeira-leitura|1Rs 19,4-8";"TEMPO COMUM — ANO B";"19º Domingo";"primeira-leitura";"1Rs 19,4-8";"Glosa-base presente; revisão editorial pendente";"Sim";"Sim";"Sim";"Não";"Não";"Não";"Não";"147";"54";""
"B|TEMPO COMUM — ANO B|19º Domingo|salmo|Sl 34";"TEMPO COMUM — ANO B";"19º Domingo";"salmo";"Sl 34";"Refrão específico; estrofes pendentes";"Sim";"Sim";"Sim";"Não";"Não";"Sim";"Não";"119";"25";"Glosa de estrofes não alinhada semanticamente"
"B|TEMPO COMUM — ANO B|19º Domingo|segunda-leitura|Ef 4,30–5,2";"TEMPO COMUM — ANO B";"19º Domingo";"segunda-leitura";"Ef 4,30–5,2";"Glosa-base presente; revisão editorial pendente";"Sim";"Sim";"Sim";"Não";"Não";"Não";"Não";"112";"48";"Ruído de paginação ou extração"
"B|TEMPO COMUM — ANO B|19º Domingo|evangelho|Jo 6,41-51";"TEMPO COMUM — ANO B";"19º Domingo";"evangelho";"Jo 6,41-51";"Roteiro editorial ampliado (validação Libras pendente)";"Sim";"Sim";"Sim";"Sim";"Não";"Não";"Não";"220";"168";""
"B|TEMPO COMUM — ANO B|20º Domingo|primeira-leitura|Pr 9,1-6";"TEMPO COMUM — ANO B";"20º Domingo";"primeira-leitura";"Pr 9,1-6";"Glosa-base presente; revisão editorial pendente";"Sim";"Sim";"Sim";"Não";"Não";"Não";"Não";"91";"47";""
"B|TEMPO COMUM — ANO B|20º Domingo|salmo|Sl 34";"TEMPO COMUM — ANO B";"20º Domingo";"salmo";"Sl 34";"Refrão específico; estrofes pendentes";"Sim";"Sim";"Sim";"Não";"Não";"Sim";"Não";"122";"25";"Glosa de estrofes não alinhada semanticamente"
"B|TEMPO COMUM — ANO B|20º Domingo|segunda-leitura|Ef 5,15-20";"TEMPO COMUM — ANO B";"20º Domingo";"segunda-leitura";"Ef 5,15-20";"Glosa-base presente; revisão editorial pendente";"Sim";"Sim";"Sim";"Não";"Não";"Não";"Não";"112";"49";""
"B|TEMPO COMUM — ANO B|20º Domingo|evangelho|Jo 6,51-58";"TEMPO COMUM — ANO B";"20º Domingo";"evangelho";"Jo 6,51-58";"Roteiro editorial ampliado (validação Libras pendente)";"Sim";"Sim";"Sim";"Sim";"Não";"Não";"Não";"209";"192";""
"B|TEMPO COMUM — ANO B|21º Domingo|primeira-leitura|Js 24,1-2.15-17.18";"TEMPO COMUM — ANO B";"21º Domingo";"primeira-leitura";"Js 24,1-2.15-17.18";"Glosa-base presente; revisão editorial pendente";"Sim";"Sim";"Sim";"Não";"Não";"Não";"Não";"178";"58";""
"B|TEMPO COMUM — ANO B|21º Domingo|salmo|Sl 34";"TEMPO COMUM — ANO B";"21º Domingo";"salmo";"Sl 34";"Refrão específico; estrofes pendentes";"Sim";"Sim";"Sim";"Não";"Não";"Sim";"Não";"160";"25";"Glosa de estrofes não alinhada semanticamente"
"B|TEMPO COMUM — ANO B|21º Domingo|segunda-leitura|Ef 5,21-32";"TEMPO COMUM — ANO B";"21º Domingo";"segunda-leitura";"Ef 5,21-32";"Glosa-base presente; revisão editorial pendente";"Sim";"Sim";"Sim";"Não";"Não";"Não";"Não";"216";"53";""
"B|TEMPO COMUM — ANO B|21º Domingo|evangelho|Jo 6,60-69";"TEMPO COMUM — ANO B";"21º Domingo";"evangelho";"Jo 6,60-69";"Roteiro editorial ampliado (validação Libras pendente)";"Sim";"Sim";"Sim";"Sim";"Não";"Não";"Não";"188";"157";""
"B|TEMPO COMUM — ANO B|22º Domingo|primeira-leitura|Dt 4,1-2.6-8";"TEMPO COMUM — ANO B";"22º Domingo";"primeira-leitura";"Dt 4,1-2.6-8";"Glosa-base presente; revisão editorial pendente";"Sim";"Sim";"Sim";"Não";"Não";"Não";"Não";"177";"51";""
"B|TEMPO COMUM — ANO B|22º Domingo|salmo|Sl 15";"TEMPO COMUM — ANO B";"22º Domingo";"salmo";"Sl 15";"Refrão específico; estrofes pendentes";"Sim";"Sim";"Sim";"Não";"Não";"Sim";"Não";"104";"25";"Glosa de estrofes não alinhada semanticamente"
"B|TEMPO COMUM — ANO B|22º Domingo|segunda-leitura|Tg 1,17-18.21-22.27";"TEMPO COMUM — ANO B";"22º Domingo";"segunda-leitura";"Tg 1,17-18.21-22.27";"Glosa-base presente; revisão editorial pendente";"Sim";"Sim";"Sim";"Não";"Não";"Não";"Não";"119";"56";""
"B|TEMPO COMUM — ANO B|22º Domingo|evangelho|Mc 7,1-8.14-15.21-23";"TEMPO COMUM — ANO B";"22º Domingo";"evangelho";"Mc 7,1-8.14-15.21-23";"Roteiro editorial ampliado (validação Libras pendente)";"Sim";"Sim";"Sim";"Sim";"Não";"Não";"Não";"285";"178";"Ruído de paginação ou extração"
"B|TEMPO COMUM — ANO B|23º Domingo|primeira-leitura|Is 35,4-7";"TEMPO COMUM — ANO B";"23º Domingo";"primeira-leitura";"Is 35,4-7";"Glosa-base presente; revisão editorial pendente";"Sim";"Sim";"Sim";"Não";"Não";"Não";"Não";"108";"40";""
"B|TEMPO COMUM — ANO B|23º Domingo|salmo|Sl 146";"TEMPO COMUM — ANO B";"23º Domingo";"salmo";"Sl 146";"Refrão e estrofes contextualizados (validação Libras pendente)";"Sim";"Sim";"Sim";"Não";"Sim";"Não";"Não";"83";"25";""
"B|TEMPO COMUM — ANO B|23º Domingo|segunda-leitura|Tg 2,1-5";"TEMPO COMUM — ANO B";"23º Domingo";"segunda-leitura";"Tg 2,1-5";"Glosa-base presente; revisão editorial pendente";"Sim";"Sim";"Sim";"Não";"Não";"Não";"Não";"138";"53";""
"B|TEMPO COMUM — ANO B|23º Domingo|evangelho|Mc 7,31-37";"TEMPO COMUM — ANO B";"23º Domingo";"evangelho";"Mc 7,31-37";"Roteiro editorial ampliado (validação Libras pendente)";"Sim";"Sim";"Sim";"Sim";"Não";"Não";"Não";"155";"132";""
"B|TEMPO COMUM — ANO B|24º Domingo|primeira-leitura|Is 50,4-9";"TEMPO COMUM — ANO B";"24º Domingo";"primeira-leitura";"Is 50,4-9";"Glosa-base presente; revisão editorial pendente";"Sim";"Sim";"Sim";"Não";"Não";"Não";"Não";"120";"51";""
"B|TEMPO COMUM — ANO B|24º Domingo|salmo|Sl 116";"TEMPO COMUM — ANO B";"24º Domingo";"salmo";"Sl 116";"Refrão específico; estrofes pendentes";"Sim";"Sim";"Sim";"Não";"Não";"Sim";"Não";"126";"25";"Glosa de estrofes não alinhada semanticamente"
"B|TEMPO COMUM — ANO B|24º Domingo|segunda-leitura|Tg 2,14-18";"TEMPO COMUM — ANO B";"24º Domingo";"segunda-leitura";"Tg 2,14-18";"Glosa-base presente; revisão editorial pendente";"Sim";"Sim";"Sim";"Não";"Não";"Não";"Não";"123";"56";""
"B|TEMPO COMUM — ANO B|24º Domingo|evangelho|Mc 8,27-35";"TEMPO COMUM — ANO B";"24º Domingo";"evangelho";"Mc 8,27-35";"Roteiro editorial ampliado (validação Libras pendente)";"Sim";"Sim";"Sim";"Sim";"Não";"Não";"Não";"215";"157";""
"B|TEMPO COMUM — ANO B|25º Domingo|primeira-leitura|Sb 2,12.17-20";"TEMPO COMUM — ANO B";"25º Domingo";"primeira-leitura";"Sb 2,12.17-20";"Glosa-base presente; revisão editorial pendente";"Sim";"Sim";"Sim";"Não";"Não";"Não";"Não";"101";"67";""
"B|TEMPO COMUM — ANO B|25º Domingo|salmo|Sl 54";"TEMPO COMUM — ANO B";"25º Domingo";"salmo";"Sl 54";"Refrão específico; estrofes pendentes";"Sim";"Sim";"Sim";"Não";"Não";"Sim";"Não";"79";"23";"Glosa de estrofes não alinhada semanticamente"
"B|TEMPO COMUM — ANO B|25º Domingo|segunda-leitura|Tg 3,16–4,3";"TEMPO COMUM — ANO B";"25º Domingo";"segunda-leitura";"Tg 3,16–4,3";"Glosa-base presente; revisão editorial pendente";"Sim";"Sim";"Sim";"Não";"Não";"Não";"Não";"146";"61";"Ruído de paginação ou extração"
"B|TEMPO COMUM — ANO B|25º Domingo|evangelho|Mc 9,30-37";"TEMPO COMUM — ANO B";"25º Domingo";"evangelho";"Mc 9,30-37";"Roteiro editorial ampliado (validação Libras pendente)";"Sim";"Sim";"Sim";"Sim";"Não";"Não";"Não";"185";"124";""
"B|TEMPO COMUM — ANO B|26º Domingo|primeira-leitura|Nm 11,25-29";"TEMPO COMUM — ANO B";"26º Domingo";"primeira-leitura";"Nm 11,25-29";"Glosa-base presente; revisão editorial pendente";"Sim";"Sim";"Sim";"Não";"Não";"Não";"Não";"175";"60";""
"B|TEMPO COMUM — ANO B|26º Domingo|salmo|Sl 19";"TEMPO COMUM — ANO B";"26º Domingo";"salmo";"Sl 19";"Refrão específico; estrofes pendentes";"Sim";"Sim";"Sim";"Não";"Não";"Sim";"Não";"106";"23";"Glosa de estrofes não alinhada semanticamente"
"B|TEMPO COMUM — ANO B|26º Domingo|segunda-leitura|Tg 5,1-6";"TEMPO COMUM — ANO B";"26º Domingo";"segunda-leitura";"Tg 5,1-6";"Glosa-base presente; revisão editorial pendente";"Sim";"Sim";"Sim";"Não";"Não";"Não";"Não";"131";"46";""
"B|TEMPO COMUM — ANO B|26º Domingo|evangelho|Mc 9,38-43.45.47-48";"TEMPO COMUM — ANO B";"26º Domingo";"evangelho";"Mc 9,38-43.45.47-48";"Roteiro editorial ampliado (validação Libras pendente)";"Sim";"Sim";"Sim";"Sim";"Não";"Não";"Não";"259";"196";""
"B|TEMPO COMUM — ANO B|27º Domingo|primeira-leitura|Gn 2,18-24";"TEMPO COMUM — ANO B";"27º Domingo";"primeira-leitura";"Gn 2,18-24";"Glosa-base presente; revisão editorial pendente";"Sim";"Sim";"Sim";"Não";"Não";"Não";"Não";"202";"64";""
"B|TEMPO COMUM — ANO B|27º Domingo|salmo|Sl 128";"TEMPO COMUM — ANO B";"27º Domingo";"salmo";"Sl 128";"Refrão específico; estrofes pendentes";"Sim";"Sim";"Sim";"Não";"Não";"Sim";"Não";"104";"79";"Glosa de estrofes não alinhada semanticamente"
"B|TEMPO COMUM — ANO B|27º Domingo|segunda-leitura|Hb 2,9-11";"TEMPO COMUM — ANO B";"27º Domingo";"segunda-leitura";"Hb 2,9-11";"Glosa-base presente; revisão editorial pendente";"Sim";"Sim";"Sim";"Não";"Não";"Não";"Não";"118";"60";""
"B|TEMPO COMUM — ANO B|27º Domingo|evangelho|Mc 10,2-16";"TEMPO COMUM — ANO B";"27º Domingo";"evangelho";"Mc 10,2-16";"Roteiro editorial ampliado (validação Libras pendente)";"Sim";"Sim";"Sim";"Sim";"Não";"Não";"Não";"244";"160";""
"B|TEMPO COMUM — ANO B|28º Domingo|primeira-leitura|Sb 7,7-11";"TEMPO COMUM — ANO B";"28º Domingo";"primeira-leitura";"Sb 7,7-11";"Glosa-base presente; revisão editorial pendente";"Sim";"Sim";"Sim";"Não";"Não";"Não";"Não";"118";"54";""
"B|TEMPO COMUM — ANO B|28º Domingo|salmo|Sl 90";"TEMPO COMUM — ANO B";"28º Domingo";"salmo";"Sl 90";"Refrão específico; estrofes pendentes";"Sim";"Sim";"Sim";"Não";"Não";"Sim";"Não";"110";"25";"Glosa de estrofes não alinhada semanticamente"
"B|TEMPO COMUM — ANO B|28º Domingo|segunda-leitura|Hb 4,12-13";"TEMPO COMUM — ANO B";"28º Domingo";"segunda-leitura";"Hb 4,12-13";"Glosa-base presente; revisão editorial pendente";"Sim";"Sim";"Sim";"Não";"Não";"Não";"Não";"94";"38";""
"B|TEMPO COMUM — ANO B|28º Domingo|evangelho|Mc 10,17-30";"TEMPO COMUM — ANO B";"28º Domingo";"evangelho";"Mc 10,17-30";"Roteiro editorial ampliado (validação Libras pendente)";"Sim";"Sim";"Sim";"Sim";"Não";"Não";"Não";"306";"195";""
"B|TEMPO COMUM — ANO B|29º Domingo|primeira-leitura|Is 53,10-11";"TEMPO COMUM — ANO B";"29º Domingo";"primeira-leitura";"Is 53,10-11";"Glosa-base presente; revisão editorial pendente";"Sim";"Sim";"Sim";"Não";"Não";"Não";"Não";"87";"42";""
"B|TEMPO COMUM — ANO B|29º Domingo|salmo|Sl 33";"TEMPO COMUM — ANO B";"29º Domingo";"salmo";"Sl 33";"Refrão específico; estrofes pendentes";"Sim";"Sim";"Sim";"Não";"Não";"Sim";"Não";"103";"25";"Glosa de estrofes não alinhada semanticamente"
"B|TEMPO COMUM — ANO B|29º Domingo|segunda-leitura|Hb 4,14-16";"TEMPO COMUM — ANO B";"29º Domingo";"segunda-leitura";"Hb 4,14-16";"Glosa-base presente; revisão editorial pendente";"Sim";"Sim";"Sim";"Não";"Não";"Não";"Não";"93";"45";""
"B|TEMPO COMUM — ANO B|29º Domingo|evangelho|Mc 10,35-45";"TEMPO COMUM — ANO B";"29º Domingo";"evangelho";"Mc 10,35-45";"Roteiro editorial ampliado (validação Libras pendente)";"Sim";"Sim";"Sim";"Sim";"Não";"Não";"Não";"241";"165";""
"B|TEMPO COMUM — ANO B|30º Domingo|primeira-leitura|Jr 31,7-9";"TEMPO COMUM — ANO B";"30º Domingo";"primeira-leitura";"Jr 31,7-9";"Glosa-base presente; revisão editorial pendente";"Sim";"Sim";"Sim";"Não";"Não";"Não";"Não";"139";"58";""
"B|TEMPO COMUM — ANO B|30º Domingo|salmo|Sl 126";"TEMPO COMUM — ANO B";"30º Domingo";"salmo";"Sl 126";"Refrão específico; estrofes pendentes";"Sim";"Sim";"Sim";"Não";"Não";"Sim";"Não";"118";"21";"Glosa de estrofes não alinhada semanticamente"
"B|TEMPO COMUM — ANO B|30º Domingo|segunda-leitura|Hb 5,1-6";"TEMPO COMUM — ANO B";"30º Domingo";"segunda-leitura";"Hb 5,1-6";"Glosa-base presente; revisão editorial pendente";"Sim";"Sim";"Sim";"Não";"Não";"Não";"Não";"142";"55";""
"B|TEMPO COMUM — ANO B|30º Domingo|evangelho|Mc 10,46-52";"TEMPO COMUM — ANO B";"30º Domingo";"evangelho";"Mc 10,46-52";"Roteiro editorial ampliado (validação Libras pendente)";"Sim";"Sim";"Sim";"Sim";"Não";"Não";"Não";"157";"133";""
"B|TEMPO COMUM — ANO B|31º Domingo|primeira-leitura|Dt 6,2-6";"TEMPO COMUM — ANO B";"31º Domingo";"primeira-leitura";"Dt 6,2-6";"Glosa-base presente; revisão editorial pendente";"Sim";"Sim";"Sim";"Não";"Não";"Não";"Não";"142";"44";""
"B|TEMPO COMUM — ANO B|31º Domingo|salmo|Sl 18";"TEMPO COMUM — ANO B";"31º Domingo";"salmo";"Sl 18";"Refrão específico; estrofes pendentes";"Sim";"Sim";"Sim";"Não";"Não";"Sim";"Não";"104";"80";"Ruído de paginação ou extração; Glosa de estrofes não alinhada semanticamente"
"B|TEMPO COMUM — ANO B|31º Domingo|segunda-leitura|Hb 7,23-28";"TEMPO COMUM — ANO B";"31º Domingo";"segunda-leitura";"Hb 7,23-28";"Glosa-base presente; revisão editorial pendente";"Sim";"Sim";"Sim";"Não";"Não";"Não";"Não";"154";"58";""
"B|TEMPO COMUM — ANO B|31º Domingo|evangelho|Mc 12,28-34";"TEMPO COMUM — ANO B";"31º Domingo";"evangelho";"Mc 12,28-34";"Roteiro editorial ampliado (validação Libras pendente)";"Sim";"Sim";"Sim";"Sim";"Não";"Não";"Não";"179";"120";""
"B|TEMPO COMUM — ANO B|32º Domingo|primeira-leitura|1Rs 17,10-16";"TEMPO COMUM — ANO B";"32º Domingo";"primeira-leitura";"1Rs 17,10-16";"Glosa-base presente; revisão editorial pendente";"Sim";"Sim";"Sim";"Não";"Não";"Não";"Não";"243";"66";""
"B|TEMPO COMUM — ANO B|32º Domingo|salmo|Sl 146";"TEMPO COMUM — ANO B";"32º Domingo";"salmo";"Sl 146";"Refrão e estrofes contextualizados (validação Libras pendente)";"Sim";"Sim";"Sim";"Não";"Sim";"Não";"Não";"83";"25";""
"B|TEMPO COMUM — ANO B|32º Domingo|segunda-leitura|Hb 9,24-28";"TEMPO COMUM — ANO B";"32º Domingo";"segunda-leitura";"Hb 9,24-28";"Glosa-base presente; revisão editorial pendente";"Sim";"Sim";"Sim";"Não";"Não";"Não";"Não";"158";"63";""
"B|TEMPO COMUM — ANO B|32º Domingo|evangelho|Mc 12,38-44";"TEMPO COMUM — ANO B";"32º Domingo";"evangelho";"Mc 12,38-44";"Roteiro editorial ampliado (validação Libras pendente)";"Sim";"Sim";"Sim";"Sim";"Não";"Não";"Não";"160";"117";""
"B|TEMPO COMUM — ANO B|33º Domingo|primeira-leitura|Dn 12,1-3";"TEMPO COMUM — ANO B";"33º Domingo";"primeira-leitura";"Dn 12,1-3";"Glosa-base presente; revisão editorial pendente";"Sim";"Sim";"Sim";"Não";"Não";"Não";"Não";"120";"48";""
"B|TEMPO COMUM — ANO B|33º Domingo|salmo|Sl 16";"TEMPO COMUM — ANO B";"33º Domingo";"salmo";"Sl 16";"Refrão específico; estrofes pendentes";"Sim";"Sim";"Sim";"Não";"Não";"Sim";"Não";"106";"23";"Glosa de estrofes não alinhada semanticamente"
"B|TEMPO COMUM — ANO B|33º Domingo|segunda-leitura|Hb 10,11-14.18";"TEMPO COMUM — ANO B";"33º Domingo";"segunda-leitura";"Hb 10,11-14.18";"Glosa-base presente; revisão editorial pendente";"Sim";"Sim";"Sim";"Não";"Não";"Não";"Não";"110";"53";""
"B|TEMPO COMUM — ANO B|33º Domingo|evangelho|Mc 13,24-32";"TEMPO COMUM — ANO B";"33º Domingo";"evangelho";"Mc 13,24-32";"Roteiro editorial ampliado (validação Libras pendente)";"Sim";"Sim";"Sim";"Sim";"Não";"Não";"Não";"188";"137";""
"B|TEMPO COMUM — ANO B|34º Domingo — Cristo Rei|primeira-leitura|Dn 7,13-14";"TEMPO COMUM — ANO B";"34º Domingo — Cristo Rei";"primeira-leitura";"Dn 7,13-14";"Glosa-base presente; revisão editorial pendente";"Sim";"Sim";"Sim";"Não";"Não";"Não";"Não";"81";"45";""
"B|TEMPO COMUM — ANO B|34º Domingo — Cristo Rei|salmo|Sl 93";"TEMPO COMUM — ANO B";"34º Domingo — Cristo Rei";"salmo";"Sl 93";"Refrão específico; estrofes pendentes";"Sim";"Sim";"Sim";"Não";"Não";"Sim";"Não";"69";"22";"Glosa de estrofes não alinhada semanticamente"
"B|TEMPO COMUM — ANO B|34º Domingo — Cristo Rei|segunda-leitura|Ap 1,5-8";"TEMPO COMUM — ANO B";"34º Domingo — Cristo Rei";"segunda-leitura";"Ap 1,5-8";"Glosa-base presente; revisão editorial pendente";"Sim";"Sim";"Sim";"Não";"Não";"Não";"Não";"132";"52";""
"B|TEMPO COMUM — ANO B|34º Domingo — Cristo Rei|evangelho|Jo 18,33-37";"TEMPO COMUM — ANO B";"34º Domingo — Cristo Rei";"evangelho";"Jo 18,33-37";"Roteiro editorial ampliado (validação Libras pendente)";"Sim";"Sim";"Sim";"Sim";"Não";"Não";"Não";"143";"121";""
"B|QUARESMA|1º Domingo|primeira-leitura|Gn 9,8-15";"QUARESMA";"1º Domingo";"primeira-leitura";"Gn 9,8-15";"Roteiro editorial ampliado (validação Libras pendente)";"Sim";"Sim";"Sim";"Sim";"Não";"Não";"Não";"179";"112";""
"B|QUARESMA|1º Domingo|salmo|Sl 25";"QUARESMA";"1º Domingo";"salmo";"Sl 25";"Refrão e estrofes contextualizados (validação Libras pendente)";"Sim";"Sim";"Sim";"Não";"Sim";"Não";"Não";"98";"21";""
"B|QUARESMA|1º Domingo|segunda-leitura|1Pd 3,18-22";"QUARESMA";"1º Domingo";"segunda-leitura";"1Pd 3,18-22";"Roteiro editorial ampliado (validação Libras pendente)";"Sim";"Sim";"Sim";"Sim";"Não";"Não";"Não";"152";"137";"Ruído de paginação ou extração"
"B|QUARESMA|1º Domingo|evangelho|Mc 1,12-15";"QUARESMA";"1º Domingo";"evangelho";"Mc 1,12-15";"Roteiro editorial ampliado (validação Libras pendente)";"Sim";"Sim";"Sim";"Sim";"Não";"Não";"Não";"115";"72";"Aclamação importada junto do Evangelho"
"B|QUARESMA|2º Domingo|primeira-leitura|Gn 22,1-2.9-13.15-18";"QUARESMA";"2º Domingo";"primeira-leitura";"Gn 22,1-2.9-13.15-18";"Roteiro editorial ampliado (validação Libras pendente)";"Sim";"Sim";"Sim";"Sim";"Não";"Não";"Não";"256";"173";"Ruído de paginação ou extração"
"B|QUARESMA|2º Domingo|salmo|Sl 116";"QUARESMA";"2º Domingo";"salmo";"Sl 116";"Refrão e estrofes contextualizados (validação Libras pendente)";"Sim";"Sim";"Sim";"Não";"Sim";"Não";"Não";"103";"25";""
"B|QUARESMA|2º Domingo|segunda-leitura|Rm 8,31-34";"QUARESMA";"2º Domingo";"segunda-leitura";"Rm 8,31-34";"Roteiro editorial ampliado (validação Libras pendente)";"Sim";"Sim";"Sim";"Sim";"Não";"Não";"Não";"91";"77";""
"B|QUARESMA|2º Domingo|evangelho|Mc 9,2-10";"QUARESMA";"2º Domingo";"evangelho";"Mc 9,2-10";"Roteiro editorial ampliado (validação Libras pendente)";"Sim";"Sim";"Sim";"Sim";"Não";"Não";"Não";"214";"143";"Aclamação importada junto do Evangelho; Ruído de paginação ou extração"
"B|QUARESMA|3º Domingo|primeira-leitura|Ex 20,1-17";"QUARESMA";"3º Domingo";"primeira-leitura";"Ex 20,1-17";"Roteiro editorial ampliado (validação Libras pendente)";"Sim";"Sim";"Sim";"Sim";"Não";"Não";"Não";"158";"123";""
"B|QUARESMA|3º Domingo|salmo|Sl 19";"QUARESMA";"3º Domingo";"salmo";"Sl 19";"Refrão e estrofes contextualizados (validação Libras pendente)";"Sim";"Sim";"Sim";"Não";"Sim";"Não";"Não";"100";"23";""
"B|QUARESMA|3º Domingo|segunda-leitura|1Cor 1,22-25";"QUARESMA";"3º Domingo";"segunda-leitura";"1Cor 1,22-25";"Roteiro editorial ampliado (validação Libras pendente)";"Sim";"Sim";"Sim";"Sim";"Não";"Não";"Não";"107";"86";""
"B|QUARESMA|3º Domingo|evangelho|Jo 2,13-25";"QUARESMA";"3º Domingo";"evangelho";"Jo 2,13-25";"Roteiro editorial ampliado (validação Libras pendente)";"Sim";"Sim";"Sim";"Sim";"Não";"Não";"Não";"278";"197";"Aclamação importada junto do Evangelho"
"B|QUARESMA|4º Domingo|primeira-leitura|2Cr 36,14-17.19-23";"QUARESMA";"4º Domingo";"primeira-leitura";"2Cr 36,14-17.19-23";"Roteiro editorial ampliado (validação Libras pendente)";"Sim";"Sim";"Sim";"Sim";"Não";"Não";"Não";"311";"166";""
"B|QUARESMA|4º Domingo|salmo|Sl 137";"QUARESMA";"4º Domingo";"salmo";"Sl 137";"Refrão e estrofes contextualizados (validação Libras pendente)";"Sim";"Sim";"Sim";"Não";"Sim";"Não";"Não";"111";"18";""
"B|QUARESMA|4º Domingo|segunda-leitura|Ef 2,4-10";"QUARESMA";"4º Domingo";"segunda-leitura";"Ef 2,4-10";"Roteiro editorial ampliado (validação Libras pendente)";"Sim";"Sim";"Sim";"Sim";"Não";"Não";"Não";"154";"125";"Ruído de paginação ou extração"
"B|QUARESMA|4º Domingo|evangelho|Jo 3,14-21";"QUARESMA";"4º Domingo";"evangelho";"Jo 3,14-21";"Roteiro editorial ampliado (validação Libras pendente)";"Sim";"Sim";"Sim";"Sim";"Não";"Não";"Não";"231";"158";"Aclamação importada junto do Evangelho"
"B|QUARESMA|5º Domingo|primeira-leitura|Jr 31,31-34";"QUARESMA";"5º Domingo";"primeira-leitura";"Jr 31,31-34";"Roteiro editorial ampliado (validação Libras pendente)";"Sim";"Sim";"Sim";"Sim";"Não";"Não";"Não";"177";"104";""
"B|QUARESMA|5º Domingo|salmo|Sl 51";"QUARESMA";"5º Domingo";"salmo";"Sl 51";"Refrão e estrofes contextualizados (validação Libras pendente)";"Sim";"Sim";"Sim";"Não";"Sim";"Não";"Não";"100";"26";""
"B|QUARESMA|5º Domingo|segunda-leitura|Hb 5,7-9";"QUARESMA";"5º Domingo";"segunda-leitura";"Hb 5,7-9";"Roteiro editorial ampliado (validação Libras pendente)";"Sim";"Sim";"Sim";"Sim";"Não";"Não";"Não";"79";"76";""
"B|QUARESMA|5º Domingo|evangelho|Jo 12,20-33";"QUARESMA";"5º Domingo";"evangelho";"Jo 12,20-33";"Roteiro editorial ampliado (validação Libras pendente)";"Sim";"Sim";"Sim";"Sim";"Não";"Não";"Não";"314";"226";"Aclamação importada junto do Evangelho"
"B|QUARESMA|Domingo de Ramos e da Paixão|procissao|Mc 11,1-10 ou Jo 12,12-16";"QUARESMA";"Domingo de Ramos e da Paixão";"procissao";"Mc 11,1-10 ou Jo 12,12-16";"Roteiro editorial ampliado (validação Libras pendente)";"Sim";"Sim";"Sim";"Sim";"Não";"Não";"Sim";"324";"207";"Forma ou leitura alternativa: selecionar texto proclamado"
"B|QUARESMA|Domingo de Ramos e da Paixão|primeira-leitura|Is 50,4-7";"QUARESMA";"Domingo de Ramos e da Paixão";"primeira-leitura";"Is 50,4-7";"Roteiro editorial ampliado (validação Libras pendente)";"Sim";"Sim";"Sim";"Sim";"Não";"Não";"Não";"134";"101";""
"B|QUARESMA|Domingo de Ramos e da Paixão|salmo|Sl 22";"QUARESMA";"Domingo de Ramos e da Paixão";"salmo";"Sl 22";"Refrão e estrofes contextualizados (validação Libras pendente)";"Sim";"Sim";"Sim";"Não";"Sim";"Não";"Não";"135";"27";""
"B|QUARESMA|Domingo de Ramos e da Paixão|segunda-leitura|Fl 2,6-11";"QUARESMA";"Domingo de Ramos e da Paixão";"segunda-leitura";"Fl 2,6-11";"Roteiro editorial ampliado (validação Libras pendente)";"Sim";"Sim";"Sim";"Sim";"Não";"Não";"Não";"118";"90";""
"B|QUARESMA|Domingo de Ramos e da Paixão|paixao|Mc 14,1–15,47";"QUARESMA";"Domingo de Ramos e da Paixão";"paixao";"Mc 14,1–15,47";"Roteiro editorial ampliado (validação Libras pendente)";"Sim";"Sim";"Sim";"Sim";"Não";"Não";"Não";"2194";"796";"Aclamação importada junto do Evangelho; Ruído de paginação ou extração"
"B|PÁSCOA E TEMPO PASCAL|Domingo da Páscoa|primeira-leitura|At 10,34.37-43";"PÁSCOA E TEMPO PASCAL";"Domingo da Páscoa";"primeira-leitura";"At 10,34.37-43";"Roteiro editorial ampliado (validação Libras pendente)";"Sim";"Sim";"Sim";"Sim";"Não";"Não";"Não";"180";"125";""
"B|PÁSCOA E TEMPO PASCAL|Domingo da Páscoa|salmo|Sl 118";"PÁSCOA E TEMPO PASCAL";"Domingo da Páscoa";"salmo";"Sl 118";"Refrão e estrofes contextualizados (validação Libras pendente)";"Sim";"Sim";"Sim";"Não";"Sim";"Não";"Não";"93";"29";""
"B|PÁSCOA E TEMPO PASCAL|Domingo da Páscoa|segunda-leitura|Cl 3,1-4 ou 1Cor 5,6-8";"PÁSCOA E TEMPO PASCAL";"Domingo da Páscoa";"segunda-leitura";"Cl 3,1-4 ou 1Cor 5,6-8";"Roteiro editorial ampliado (validação Libras pendente)";"Sim";"Sim";"Sim";"Sim";"Não";"Não";"Sim";"264";"155";"Forma ou leitura alternativa: selecionar texto proclamado"
"B|PÁSCOA E TEMPO PASCAL|Domingo da Páscoa|evangelho|Jo 20,1-9";"PÁSCOA E TEMPO PASCAL";"Domingo da Páscoa";"evangelho";"Jo 20,1-9";"Roteiro editorial ampliado (validação Libras pendente)";"Sim";"Sim";"Sim";"Sim";"Não";"Não";"Não";"177";"123";""
"B|PÁSCOA E TEMPO PASCAL|2º Domingo da Páscoa|primeira-leitura|At 4,32-35";"PÁSCOA E TEMPO PASCAL";"2º Domingo da Páscoa";"primeira-leitura";"At 4,32-35";"Roteiro editorial ampliado (validação Libras pendente)";"Sim";"Sim";"Sim";"Sim";"Não";"Não";"Não";"103";"78";""
"B|PÁSCOA E TEMPO PASCAL|2º Domingo da Páscoa|salmo|Sl 118";"PÁSCOA E TEMPO PASCAL";"2º Domingo da Páscoa";"salmo";"Sl 118";"Refrão e estrofes contextualizados (validação Libras pendente)";"Sim";"Sim";"Sim";"Não";"Sim";"Não";"Não";"134";"29";""
"B|PÁSCOA E TEMPO PASCAL|2º Domingo da Páscoa|segunda-leitura|1Jo 5,1-6";"PÁSCOA E TEMPO PASCAL";"2º Domingo da Páscoa";"segunda-leitura";"1Jo 5,1-6";"Roteiro editorial ampliado (validação Libras pendente)";"Sim";"Sim";"Sim";"Sim";"Não";"Não";"Não";"157";"108";""
"B|PÁSCOA E TEMPO PASCAL|2º Domingo da Páscoa|evangelho|Jo 20,19-31";"PÁSCOA E TEMPO PASCAL";"2º Domingo da Páscoa";"evangelho";"Jo 20,19-31";"Roteiro editorial ampliado (validação Libras pendente)";"Sim";"Sim";"Sim";"Sim";"Não";"Não";"Não";"293";"210";""
"B|PÁSCOA E TEMPO PASCAL|3º Domingo da Páscoa|primeira-leitura|At 3,13-15.17-19";"PÁSCOA E TEMPO PASCAL";"3º Domingo da Páscoa";"primeira-leitura";"At 3,13-15.17-19";"Roteiro editorial ampliado (validação Libras pendente)";"Sim";"Sim";"Sim";"Sim";"Não";"Não";"Não";"137";"101";""
"B|PÁSCOA E TEMPO PASCAL|3º Domingo da Páscoa|salmo|Sl 4";"PÁSCOA E TEMPO PASCAL";"3º Domingo da Páscoa";"salmo";"Sl 4";"Refrão e estrofes contextualizados (validação Libras pendente)";"Sim";"Sim";"Sim";"Não";"Sim";"Não";"Não";"89";"24";""
"B|PÁSCOA E TEMPO PASCAL|3º Domingo da Páscoa|segunda-leitura|1Jo 2,1-5";"PÁSCOA E TEMPO PASCAL";"3º Domingo da Páscoa";"segunda-leitura";"1Jo 2,1-5";"Roteiro editorial ampliado (validação Libras pendente)";"Sim";"Sim";"Sim";"Sim";"Não";"Não";"Não";"117";"98";""
"B|PÁSCOA E TEMPO PASCAL|3º Domingo da Páscoa|evangelho|Lc 24,35-48";"PÁSCOA E TEMPO PASCAL";"3º Domingo da Páscoa";"evangelho";"Lc 24,35-48";"Roteiro editorial ampliado (validação Libras pendente)";"Sim";"Sim";"Sim";"Sim";"Não";"Não";"Não";"253";"154";""
"B|PÁSCOA E TEMPO PASCAL|4º Domingo da Páscoa|primeira-leitura|At 4,8-12";"PÁSCOA E TEMPO PASCAL";"4º Domingo da Páscoa";"primeira-leitura";"At 4,8-12";"Roteiro editorial ampliado (validação Libras pendente)";"Sim";"Sim";"Sim";"Sim";"Não";"Não";"Não";"127";"88";""
"B|PÁSCOA E TEMPO PASCAL|4º Domingo da Páscoa|salmo|Sl 118";"PÁSCOA E TEMPO PASCAL";"4º Domingo da Páscoa";"salmo";"Sl 118";"Refrão e estrofes contextualizados (validação Libras pendente)";"Sim";"Sim";"Sim";"Não";"Sim";"Não";"Não";"132";"29";""
"B|PÁSCOA E TEMPO PASCAL|4º Domingo da Páscoa|segunda-leitura|1Jo 3,1-2";"PÁSCOA E TEMPO PASCAL";"4º Domingo da Páscoa";"segunda-leitura";"1Jo 3,1-2";"Roteiro editorial ampliado (validação Libras pendente)";"Sim";"Sim";"Sim";"Sim";"Não";"Não";"Não";"91";"74";""
"B|PÁSCOA E TEMPO PASCAL|4º Domingo da Páscoa|evangelho|Jo 10,11-18";"PÁSCOA E TEMPO PASCAL";"4º Domingo da Páscoa";"evangelho";"Jo 10,11-18";"Roteiro editorial ampliado (validação Libras pendente)";"Sim";"Sim";"Sim";"Sim";"Não";"Não";"Não";"185";"149";""
"B|PÁSCOA E TEMPO PASCAL|5º Domingo da Páscoa|primeira-leitura|At 9,26-31";"PÁSCOA E TEMPO PASCAL";"5º Domingo da Páscoa";"primeira-leitura";"At 9,26-31";"Roteiro editorial ampliado (validação Libras pendente)";"Sim";"Sim";"Sim";"Sim";"Não";"Não";"Não";"148";"116";""
"B|PÁSCOA E TEMPO PASCAL|5º Domingo da Páscoa|salmo|Sl 22";"PÁSCOA E TEMPO PASCAL";"5º Domingo da Páscoa";"salmo";"Sl 22";"Refrão e estrofes contextualizados (validação Libras pendente)";"Sim";"Sim";"Sim";"Não";"Sim";"Não";"Não";"135";"27";""
"B|PÁSCOA E TEMPO PASCAL|5º Domingo da Páscoa|segunda-leitura|1Jo 3,18-24";"PÁSCOA E TEMPO PASCAL";"5º Domingo da Páscoa";"segunda-leitura";"1Jo 3,18-24";"Roteiro editorial ampliado (validação Libras pendente)";"Sim";"Sim";"Sim";"Sim";"Não";"Não";"Não";"150";"124";""
"B|PÁSCOA E TEMPO PASCAL|5º Domingo da Páscoa|evangelho|Jo 15,1-8";"PÁSCOA E TEMPO PASCAL";"5º Domingo da Páscoa";"evangelho";"Jo 15,1-8";"Roteiro editorial ampliado (validação Libras pendente)";"Sim";"Sim";"Sim";"Sim";"Não";"Não";"Não";"195";"154";""
"B|PÁSCOA E TEMPO PASCAL|6º Domingo da Páscoa|primeira-leitura|At 10,25-26.34-35.44-48";"PÁSCOA E TEMPO PASCAL";"6º Domingo da Páscoa";"primeira-leitura";"At 10,25-26.34-35.44-48";"Roteiro editorial ampliado (validação Libras pendente)";"Sim";"Sim";"Sim";"Sim";"Não";"Não";"Não";"166";"122";""
"B|PÁSCOA E TEMPO PASCAL|6º Domingo da Páscoa|salmo|Sl 98";"PÁSCOA E TEMPO PASCAL";"6º Domingo da Páscoa";"salmo";"Sl 98";"Refrão e estrofes contextualizados (validação Libras pendente)";"Sim";"Sim";"Sim";"Não";"Sim";"Não";"Não";"98";"22";""
"B|PÁSCOA E TEMPO PASCAL|6º Domingo da Páscoa|segunda-leitura|1Jo 4,7-10";"PÁSCOA E TEMPO PASCAL";"6º Domingo da Páscoa";"segunda-leitura";"1Jo 4,7-10";"Roteiro editorial ampliado (validação Libras pendente)";"Sim";"Sim";"Sim";"Sim";"Não";"Não";"Não";"104";"94";""
"B|PÁSCOA E TEMPO PASCAL|6º Domingo da Páscoa|evangelho|Jo 15,9-17";"PÁSCOA E TEMPO PASCAL";"6º Domingo da Páscoa";"evangelho";"Jo 15,9-17";"Roteiro editorial ampliado (validação Libras pendente)";"Sim";"Sim";"Sim";"Sim";"Não";"Não";"Não";"210";"147";""
"B|PÁSCOA E TEMPO PASCAL|Ascensão do Senhor|primeira-leitura|At 1,1-11";"PÁSCOA E TEMPO PASCAL";"Ascensão do Senhor";"primeira-leitura";"At 1,1-11";"Roteiro editorial ampliado (validação Libras pendente)";"Sim";"Sim";"Sim";"Sim";"Não";"Não";"Não";"268";"166";"Ruído de paginação ou extração"
"B|PÁSCOA E TEMPO PASCAL|Ascensão do Senhor|salmo|Sl 47";"PÁSCOA E TEMPO PASCAL";"Ascensão do Senhor";"salmo";"Sl 47";"Refrão e estrofes contextualizados (validação Libras pendente)";"Sim";"Sim";"Sim";"Não";"Sim";"Não";"Não";"104";"23";""
"B|PÁSCOA E TEMPO PASCAL|Ascensão do Senhor|segunda-leitura|Ef 1,17-23";"PÁSCOA E TEMPO PASCAL";"Ascensão do Senhor";"segunda-leitura";"Ef 1,17-23";"Roteiro editorial ampliado (validação Libras pendente)";"Sim";"Sim";"Sim";"Sim";"Não";"Não";"Sim";"420";"242";"Forma ou leitura alternativa: selecionar texto proclamado"
"B|PÁSCOA E TEMPO PASCAL|Ascensão do Senhor|evangelho|Mc 16,15-20";"PÁSCOA E TEMPO PASCAL";"Ascensão do Senhor";"evangelho";"Mc 16,15-20";"Roteiro editorial ampliado (validação Libras pendente)";"Sim";"Sim";"Sim";"Sim";"Não";"Não";"Não";"145";"126";""
"B|PÁSCOA E TEMPO PASCAL|Pentecostes|primeira-leitura|At 2,1-11";"PÁSCOA E TEMPO PASCAL";"Pentecostes";"primeira-leitura";"At 2,1-11";"Roteiro editorial ampliado (validação Libras pendente)";"Sim";"Sim";"Sim";"Sim";"Não";"Não";"Não";"213";"160";""
"B|PÁSCOA E TEMPO PASCAL|Pentecostes|salmo|Sl 104";"PÁSCOA E TEMPO PASCAL";"Pentecostes";"salmo";"Sl 104";"Refrão e estrofes contextualizados (validação Libras pendente)";"Sim";"Sim";"Sim";"Não";"Sim";"Não";"Não";"111";"28";""
"B|PÁSCOA E TEMPO PASCAL|Pentecostes|segunda-leitura|1Cor 12,3-7.12-13";"PÁSCOA E TEMPO PASCAL";"Pentecostes";"segunda-leitura";"1Cor 12,3-7.12-13";"Roteiro editorial ampliado (validação Libras pendente)";"Sim";"Sim";"Sim";"Sim";"Não";"Não";"Sim";"455";"276";"Ruído de paginação ou extração; Forma ou leitura alternativa: selecionar texto proclamado"
"B|PÁSCOA E TEMPO PASCAL|Pentecostes|evangelho|Jo 20,19-23";"PÁSCOA E TEMPO PASCAL";"Pentecostes";"evangelho";"Jo 20,19-23";"Roteiro editorial ampliado (validação Libras pendente)";"Sim";"Sim";"Sim";"Sim";"Não";"Não";"Não";"133";"91";""
"B|SOLENIDADES DOMINICAIS DO TEMPO COMUM|Santíssima Trindade|primeira-leitura|Dt 4,32-34.39-40";"SOLENIDADES DOMINICAIS DO TEMPO COMUM";"Santíssima Trindade";"primeira-leitura";"Dt 4,32-34.39-40";"Glosa-base presente; revisão editorial pendente";"Sim";"Sim";"Sim";"Não";"Não";"Não";"Não";"211";"57";""
"B|SOLENIDADES DOMINICAIS DO TEMPO COMUM|Santíssima Trindade|salmo|Sl 33";"SOLENIDADES DOMINICAIS DO TEMPO COMUM";"Santíssima Trindade";"salmo";"Sl 33";"Refrão específico; estrofes pendentes";"Sim";"Sim";"Sim";"Não";"Não";"Sim";"Não";"130";"25";"Glosa de estrofes não alinhada semanticamente"
"B|SOLENIDADES DOMINICAIS DO TEMPO COMUM|Santíssima Trindade|segunda-leitura|Rm 8,14-17";"SOLENIDADES DOMINICAIS DO TEMPO COMUM";"Santíssima Trindade";"segunda-leitura";"Rm 8,14-17";"Glosa-base presente; revisão editorial pendente";"Sim";"Sim";"Sim";"Não";"Não";"Não";"Não";"103";"48";""
"B|SOLENIDADES DOMINICAIS DO TEMPO COMUM|Santíssima Trindade|evangelho|Mt 28,16-20";"SOLENIDADES DOMINICAIS DO TEMPO COMUM";"Santíssima Trindade";"evangelho";"Mt 28,16-20";"Glosa-base presente; revisão editorial pendente";"Sim";"Sim";"Sim";"Não";"Não";"Não";"Não";"104";"56";""
